Ally_vs_Enemy,Matches,Wins,WinRate
lorion_vs_rouie,34.37,16.62,0.4836
marja_vs_ryoma,30.73,13.19,0.4292
dolia_vs_zata,29.36,13.52,0.4605
rouie_vs_ybneth,23.34,12.95,0.5548
marja_vs_toro,21.64,12.98,0.5998
capheny_vs_elandorr,21.28,10.08,0.4737
tachi_vs_toro,21.16,9.96,0.4707
liliana_vs_zata,21.0,6.45,0.3071
lorion_vs_toro,20.3,9.86,0.4857
capheny_vs_toro,20.08,9.1,0.4532
biron_vs_marja,19.6,11.42,0.5827
billow_vs_skud,18.64,6.1,0.3273
iggy_vs_marja,17.61,9.52,0.5406
marja_vs_qi,17.46,10.49,0.6008
cresht_vs_toro,16.91,8.23,0.4867
marja_vs_taara,16.86,9.32,0.5528
tachi_vs_zata,16.85,9.43,0.5596
billow_vs_rouie,16.54,8.88,0.5369
billow_vs_toro,16.32,8.22,0.5037
elandorr_vs_zata,15.41,6.32,0.4101
billow_vs_qi,14.67,7.23,0.4928
annette_vs_zata,14.65,9.55,0.6519
mganga_vs_toro,14.64,7.66,0.5232
capheny_vs_hayate,14.59,5.3,0.3633
dolia_vs_toro,14.57,6.85,0.4701
airi_vs_tachi,14.56,8.01,0.5501
marja_vs_sinestrea,14.53,5.87,0.404
elandorr_vs_mina,14.52,6.99,0.4814
elandorr_vs_wisp,14.28,4.76,0.3333
marja_vs_teemee,14.18,8.86,0.6248
hayate_vs_marja,14.15,7.86,0.5555
marja_vs_violet,14.0,5.89,0.4207
billow_vs_zata,13.99,5.11,0.3653
maloch_vs_tachi,13.98,8.44,0.6037
billow_vs_stuart,13.95,5.53,0.3964
lorion_vs_skud,13.76,6.65,0.4833
billow_vs_sinestrea,13.75,4.33,0.3149
billow_vs_elandorr,13.73,5.53,0.4028
sinestrea_vs_taara,13.64,6.55,0.4802
capheny_vs_iggy,13.55,6.78,0.5004
mina_vs_sinestrea,13.55,6.44,0.4753
billow_vs_tachi,13.53,6.1,0.4508
nakroth_vs_tachi,13.31,7.43,0.5582
lorion_vs_wisp,13.3,6.09,0.4579
taara_vs_toro,13.28,6.42,0.4834
billow_vs_enzo,13.21,5.1,0.3861
elandorr_vs_violet,13.12,5.78,0.4405
tachi_vs_teemee,12.97,5.98,0.4611
iggy_vs_liliana,12.73,8.87,0.6968
qi_vs_toro,12.63,6.21,0.4917
billow_vs_wisp,12.53,5.98,0.4773
elandorr_vs_marja,12.42,4.78,0.3849
iggy_vs_mganga,12.42,6.66,0.5362
marja_vs_zata,12.33,8.22,0.6667
elandorr_vs_skud,12.33,5.89,0.4777
thane_vs_toro,12.32,8.0,0.6494
maloch_vs_toro,12.27,6.3,0.5134
marja_vs_tachi,12.26,5.84,0.4763
stuart_vs_valhein,12.19,4.2,0.3445
ryoma_vs_zephys,12.11,9.01,0.744
hayate_vs_wisp,12.07,5.09,0.4217
dolia_vs_marja,12.06,4.54,0.3765
alice_vs_zata,12.03,7.35,0.611
ryoma_vs_toro,11.99,5.99,0.4996
capheny_vs_marja,11.98,6.66,0.5559
qi_vs_skud,11.97,5.1,0.4261
lorion_vs_marja,11.85,6.99,0.5899
flowborn_vs_marja,11.82,7.47,0.632
billow_vs_hayate,11.73,6.19,0.5277
florentino_vs_tachi,11.65,5.21,0.4472
dolia_vs_elandorr,11.65,6.88,0.5906
billow_vs_capheny,11.64,6.32,0.543
skud_vs_stuart,11.63,7.2,0.6191
skud_vs_toro,11.53,4.76,0.4128
lorion_vs_qi,11.53,4.43,0.3842
toro_vs_wisp,11.52,4.97,0.4314
marja_vs_wisp,11.52,6.09,0.5286
stuart_vs_toro,11.49,6.42,0.5587
flowborn_vs_hayate,11.47,5.57,0.4856
marja_vs_zephys,11.43,6.21,0.5433
skud_vs_zata,11.43,5.21,0.4558
iggy_vs_toro,11.42,7.99,0.6996
billow_vs_marja,11.42,4.88,0.4273
hayate_vs_ryoma,11.41,5.19,0.4549
lorion_vs_violet,11.36,4.01,0.353
annette_vs_iggy,11.33,5.89,0.5199
biron_vs_iggy,11.31,4.78,0.4226
iggy_vs_ignis,11.27,6.19,0.5492
airi_vs_florentino,11.2,6.99,0.6241
keera_vs_marja,11.2,3.66,0.3268
marja_vs_murad,11.2,5.76,0.5143
enzo_vs_ybneth,11.09,6.66,0.6005
billow_vs_keera,11.08,7.31,0.6597
hayate_vs_toro,11.07,7.08,0.6396
enzo_vs_teemee,10.99,6.11,0.556
toro_vs_zata,10.96,5.98,0.5456
elandorr_vs_ryoma,10.95,5.31,0.4849
enzo_vs_lorion,10.89,5.78,0.5308
iggy_vs_sinestrea,10.88,6.33,0.5818
liliana_vs_toro,10.86,4.76,0.4383
teemee_vs_toro,10.77,4.1,0.3807
hayate_vs_zephys,10.75,9.54,0.8874
billow_vs_biron,10.74,4.53,0.4218
iggy_vs_teemee,10.73,6.76,0.63
marja_vs_ybneth,10.71,4.41,0.4118
tachi_vs_violet,10.66,5.11,0.4794
enzo_vs_toro,10.66,5.34,0.5009
iggy_vs_valhein,10.64,6.87,0.6457
marja_vs_stuart,10.62,6.98,0.6573
hayate_vs_teemee,10.51,6.53,0.6213
hayate_vs_liliana,10.51,6.42,0.6108
elandorr_vs_toro,10.5,2.97,0.2829
sinestrea_vs_ybneth,10.44,5.44,0.5211
annette_vs_sinestrea,10.43,5.21,0.4995
billow_vs_dolia,10.42,4.32,0.4146
elandorr_vs_lorion,10.41,7.54,0.7243
wisp_vs_ybneth,10.4,7.31,0.7029
flowborn_vs_tachi,10.35,3.45,0.3333
tachi_vs_wisp,10.32,4.55,0.4409
billow_vs_iggy,10.31,4.33,0.42
hayate_vs_keera,10.28,4.74,0.4611
capheny_vs_violet,10.24,5.01,0.4893
liliana_vs_sinestrea,10.2,3.32,0.3255
rouie_vs_wisp,10.19,7.32,0.7184
iggy_vs_taara,10.18,3.88,0.3811
tachi_vs_valhein,10.09,4.21,0.4172
iggy_vs_zephys,10.09,4.88,0.4836
biron_vs_toro,10.08,6.21,0.6161
elandorr_vs_iggy,10.06,3.42,0.34
astrid_vs_lorion,9.91,7.57,0.7639
billow_vs_liliana,9.87,3.21,0.3252
iggy_vs_lorion,9.85,5.65,0.5736
toro_vs_valhein,9.85,5.43,0.5513
astrid_vs_tamyn,9.79,5.34,0.5455
ignis_vs_mganga,9.75,4.43,0.4544
lorion_vs_stuart,9.74,5.21,0.5349
ignis_vs_toro,9.73,4.75,0.4882
hayate_vs_tachi,9.69,6.28,0.6481
astrid_vs_dolia,9.68,6.12,0.6322
astrid_vs_violet,9.68,4.34,0.4483
hayate_vs_zata,9.65,4.88,0.5057
annette_vs_toro,9.64,7.21,0.7479
teemee_vs_ybneth,9.62,4.75,0.4938
hayate_vs_lorion,9.62,4.43,0.4605
hayate_vs_stuart,9.61,4.97,0.5172
airi_vs_enzo,9.57,5.9,0.6165
hayate_vs_sinestrea,9.55,2.44,0.2555
capheny_vs_tachi,9.52,4.55,0.4779
edras_vs_tachi,9.49,4.97,0.5237
chaugnar_vs_ybneth,9.44,7.33,0.7765
liliana_vs_marja,9.43,3.67,0.3892
marja_vs_thane,9.43,3.32,0.3521
dolia_vs_hayate,9.41,3.88,0.4123
hayate_vs_ybneth,9.39,4.09,0.4356
liliana_vs_violet,9.33,4.11,0.4405
airi_vs_zata,9.33,5.33,0.5713
dolia_vs_ryoma,9.33,4.89,0.5241
lorion_vs_zephys,9.32,5.33,0.5719
yue_vs_zata,9.31,4.75,0.5102
elandorr_vs_stuart,9.3,4.43,0.4763
hayate_vs_rouie,9.3,4.53,0.4871
capheny_vs_ybneth,9.3,4.55,0.4892
elandorr_vs_valhein,9.29,4.64,0.4995
billow_vs_mganga,9.29,5.64,0.6071
teemee_vs_violet,9.23,2.56,0.2774
capheny_vs_enzo,9.22,6.0,0.6508
annette_vs_teemee,9.21,5.88,0.6384
astrid_vs_billow,9.13,6.79,0.7437
dolia_vs_liliana,9.11,6.44,0.7069
toro_vs_ybneth,9.05,2.76,0.305
flowborn_vs_toro,9.03,3.9,0.4319
alice_vs_billow,9.02,5.12,0.5676
capheny_vs_rouie,8.99,3.11,0.3459
dolia_vs_teemee,8.98,5.43,0.6047
valhein_vs_wisp,8.98,2.09,0.2327
capheny_vs_mina,8.97,4.54,0.5061
billow_vs_ybneth,8.96,2.32,0.2589
ybneth_vs_yena,8.95,5.53,0.6179
flowborn_vs_violet,8.91,2.34,0.2626
billow_vs_zephys,8.88,4.55,0.5124
elandorr_vs_enzo,8.88,3.33,0.375
flowborn_vs_taara,8.8,6.13,0.6966
dolia_vs_thane,8.77,2.55,0.2908
ignis_vs_taara,8.76,5.77,0.6587
capheny_vs_qi,8.74,5.31,0.6076
keera_vs_tachi,8.72,3.53,0.4048
hayate_vs_iggy,8.72,2.64,0.3028
billow_vs_flowborn,8.71,4.58,0.5258
billow_vs_violet,8.69,4.79,0.5512
capheny_vs_thane,8.67,4.0,0.4614
billow_vs_teemee,8.67,6.12,0.7059
biron_vs_skud,8.66,4.33,0.5
iggy_vs_tachi,8.64,5.99,0.6933
annette_vs_biron,8.64,4.54,0.5255
elandorr_vs_teemee,8.64,5.88,0.6806
qi_vs_ybneth,8.62,3.32,0.3852
hayate_vs_qi,8.62,3.19,0.3701
liliana_vs_wisp,8.55,3.33,0.3895
capheny_vs_wisp,8.55,4.33,0.5064
airi_vs_hayate,8.54,4.66,0.5457
edras_vs_marja,8.51,5.54,0.651
annette_vs_hayate,8.51,3.65,0.4289
dolia_vs_flowborn,8.46,5.01,0.5922
alice_vs_flowborn,8.46,5.12,0.6052
hayate_vs_violet,8.45,2.56,0.303
lorion_vs_ryoma,8.45,2.32,0.2746
toro_vs_zephys,8.44,3.89,0.4609
airi_vs_lorion,8.44,4.56,0.5403
airi_vs_taara,8.43,3.77,0.4472
biron_vs_ybneth,8.43,5.66,0.6714
taara_vs_teemee,8.42,3.32,0.3943
skud_vs_ybneth,8.42,4.66,0.5534
hayate_vs_yena,8.39,5.08,0.6055
elandorr_vs_zephys,8.39,4.42,0.5268
cresht_vs_zata,8.35,3.23,0.3868
astrid_vs_tachi,8.35,4.23,0.5066
annette_vs_violet,8.34,3.56,0.4269
annette_vs_ryoma,8.33,5.44,0.6531
lorion_vs_sinestrea,8.32,2.55,0.3065
capheny_vs_maloch,8.32,2.77,0.3329
billow_vs_taara,8.31,7.76,0.9338
rouie_vs_tachi,8.29,4.87,0.5875
flowborn_vs_rouie,8.25,3.79,0.4594
florentino_vs_toro,8.2,4.43,0.5402
capheny_vs_lorion,8.2,3.77,0.4598
stuart_vs_ybneth,8.19,3.87,0.4725
lorion_vs_tachi,8.19,5.21,0.6361
qi_vs_yena,8.19,2.55,0.3114
dolia_vs_stuart,8.18,3.87,0.4731
qi_vs_violet,8.12,3.12,0.3842
liliana_vs_tachi,8.1,2.55,0.3148
liliana_vs_zephys,8.08,4.54,0.5619
elandorr_vs_rouie,8.0,2.77,0.3463
mganga_vs_ybneth,7.98,3.67,0.4599
enzo_vs_iggy,7.98,3.22,0.4035
tachi_vs_zephys,7.98,3.66,0.4586
mina_vs_qi,7.98,2.98,0.3734
elandorr_vs_ybneth,7.97,3.2,0.4015
iggy_vs_stuart,7.97,5.77,0.724
marja_vs_valhein,7.94,4.19,0.5277
alice_vs_dolia,7.91,3.9,0.493
astrid_vs_elandorr,7.9,6.12,0.7747
enzo_vs_zephys,7.89,4.56,0.5779
iggy_vs_violet,7.89,5.12,0.6489
capheny_vs_murad,7.88,4.33,0.5495
maloch_vs_taara,7.87,3.88,0.493
liliana_vs_qi,7.87,3.53,0.4485
omen_vs_skud,7.87,4.65,0.5909
maloch_vs_zata,7.87,4.21,0.5349
eland'orr_vs_toro,7.81,5.91,0.7567
cresht_vs_qi,7.78,2.0,0.2571
toro_vs_violet,7.77,3.45,0.444
ignis_vs_lorion,7.75,4.99,0.6439
qi_vs_tachi,7.74,2.66,0.3437
rouie_vs_y'bneth,7.69,3.9,0.5072
cresht_vs_violet,7.69,4.9,0.6372
billow_vs_wiro,7.67,5.45,0.7106
riktor_vs_ryoma,7.67,3.22,0.4198
ryoma_vs_zata,7.66,3.0,0.3916
hayate_vs_thane,7.65,3.1,0.4052
qi_vs_rouie,7.65,3.77,0.4928
valhein_vs_ybneth,7.65,3.77,0.4928
capheny_vs_skud,7.65,3.11,0.4065
capheny_vs_liliana,7.65,3.88,0.5072
enzo_vs_liliana,7.65,4.88,0.6379
skud_vs_wisp,7.64,3.32,0.4346
liliana_vs_teemee,7.64,3.43,0.449
alice_vs_tachi,7.57,4.23,0.5588
mina_vs_skud,7.55,4.44,0.5881
liliana_vs_yena,7.55,3.0,0.3974
elandorr_vs_liliana,7.55,5.66,0.7497
skud_vs_teemee,7.54,5.44,0.7215
marja_vs_yue,7.54,5.1,0.6764
taara_vs_zephys,7.53,4.64,0.6162
sinestrea_vs_toro,7.53,4.98,0.6614
mganga_vs_taara,7.53,4.1,0.5445
hayate_vs_taara,7.51,3.32,0.4421
airi_vs_qi,7.45,3.0,0.4027
annette_vs_marja,7.44,6.22,0.836
annette_vs_elandorr,7.44,5.66,0.7608
taara_vs_valhein,7.43,5.21,0.7012
ryoma_vs_tachi,7.43,3.88,0.5222
enzo_vs_skud,7.42,4.88,0.6577
tachi_vs_ybneth,7.42,2.77,0.3733
billow_vs_yena,7.42,3.54,0.4771
maloch_vs_ybneth,7.41,1.1,0.1484
elandorr_vs_qi,7.4,4.31,0.5824
flowborn_vs_sinestrea,7.35,2.23,0.3034
iggy_vs_ryoma,7.34,5.45,0.7425
ryoma_vs_wisp,7.33,3.0,0.4093
sinestrea_vs_teemee,7.33,5.11,0.6971
capheny_vs_stuart,7.33,4.66,0.6357
skud_vs_tachi,7.32,4.0,0.5464
lorion_vs_thane,7.32,2.99,0.4085
hayate_vs_murad,7.31,3.98,0.5445
qi_vs_stuart,7.3,3.54,0.4849
ignis_vs_stuart,7.3,3.43,0.4699
hayate_vs_valhein,7.3,2.76,0.3781
keera_vs_lorion,7.29,2.44,0.3347
sinestrea_vs_stuart,7.28,4.64,0.6374
fennik_vs_sinestrea,7.27,3.74,0.5144
capheny_vs_eland'orr,7.24,4.12,0.5691
iggy_vs_skud,7.21,5.77,0.8003
biron_vs_wisp,7.2,2.32,0.3222
marja_vs_rouie,7.2,2.76,0.3833
wisp_vs_zephys,7.2,4.32,0.6
elsu_vs_flowborn,7.13,4.68,0.6564
sinestrea_vs_tamyn,7.12,3.56,0.5
tamyn_vs_toro,7.12,3.56,0.5
elandorr_vs_tamyn,7.12,4.45,0.625
astrid_vs_sinestrea,7.12,5.34,0.75
lorion_vs_mina,7.1,3.55,0.5
stuart_vs_violet,7.1,4.1,0.5775
billow_vs_edras,7.09,3.99,0.5628
ignis_vs_rouie,7.09,1.88,0.2652
stuart_vs_yue,7.09,4.55,0.6417
mganga_vs_qi,7.08,5.97,0.8432
billow_vs_lorion,7.08,3.87,0.5466
stuart_vs_thane,7.08,2.76,0.3898
keera_vs_skud,7.07,1.76,0.2489
elandorr_vs_yena,7.07,4.98,0.7044
fennik_vs_valhein,7.06,3.52,0.4986
keera_vs_stuart,7.06,4.42,0.6261
astrid_vs_marja,7.01,5.23,0.7461
cresht_vs_iggy,7.01,4.34,0.6191
airi_vs_marja,7.01,4.79,0.6833
cresht_vs_sinestrea,7.01,3.56,0.5078
biron_vs_violet,7.0,2.78,0.3971
mina_vs_rouie,6.99,3.66,0.5236
biron_vs_capheny,6.99,3.89,0.5565
elandorr_vs_maloch,6.99,4.77,0.6824
hayate_vs_yue,6.99,3.66,0.5236
capheny_vs_mganga,6.99,4.44,0.6352
airi_vs_stuart,6.99,3.44,0.4921
elsu_vs_teemee,6.98,4.22,0.6046
stuart_vs_taara,6.98,0.88,0.1261
qi_vs_wisp,6.97,2.55,0.3659
keera_vs_ybneth,6.96,2.43,0.3491
capheny_vs_flowborn,6.91,4.12,0.5962
taara_vs_violet,6.9,2.11,0.3058
astrid_vs_toro,6.9,6.01,0.871
capheny_vs_sinestrea,6.9,2.67,0.387
billow_vs_ignis,6.89,5.0,0.7257
stuart_vs_zata,6.88,1.22,0.1773
cresht_vs_valhein,6.88,2.22,0.3227
dolia_vs_skud,6.88,3.0,0.436
capheny_vs_ignis,6.88,4.11,0.5974
marja_vs_mganga,6.86,3.53,0.5146
edras_vs_toro,6.86,3.1,0.4519
elandorr_vs_mganga,6.85,2.32,0.3387
elandorr_vs_zuka,6.85,2.54,0.3708
eland'orr_vs_qi,6.8,2.12,0.3118
violet_vs_zata,6.78,5.22,0.7699
lorion_vs_wiro,6.78,3.56,0.5251
annette_vs_dolia,6.78,5.67,0.8363
annette_vs_ybneth,6.78,2.0,0.295
maloch_vs_ryoma,6.77,2.33,0.3442
nakroth_vs_wisp,6.77,1.88,0.2777
baldum_vs_ybneth,6.76,3.66,0.5414
hayate_vs_ignis,6.76,3.32,0.4911
yena_vs_zephys,6.75,3.32,0.4919
moren_vs_zata,6.75,2.43,0.36
toro_vs_yena,6.74,3.2,0.4748
lorion_vs_ybneth,6.74,2.53,0.3754
volkath_vs_zata,6.67,3.33,0.4993
hayate_vs_skud,6.66,2.44,0.3664
maloch_vs_wisp,6.66,2.33,0.3498
airi_vs_nakroth,6.66,3.44,0.5165
enzo_vs_marja,6.65,2.66,0.4
edras_vs_stuart,6.65,3.88,0.5835
stuart_vs_tachi,6.65,2.99,0.4496
annette_vs_capheny,6.65,3.32,0.4992
dolia_vs_sinestrea,6.64,1.55,0.2334
enzo_vs_flowborn,6.58,1.45,0.2204
alice_vs_marja,6.57,4.23,0.6438
flowborn_vs_lorion,6.57,1.56,0.2374
wisp_vs_zata,6.55,5.56,0.8489
riktor_vs_thane,6.55,3.77,0.5756
sinestrea_vs_zephys,6.55,5.11,0.7802
billow_vs_maloch,6.55,2.33,0.3557
cresht_vs_tachi,6.55,4.0,0.6107
liliana_vs_yue,6.54,3.88,0.5933
keera_vs_yena,6.53,3.54,0.5421
maloch_vs_skud,6.53,2.1,0.3216
ignis_vs_marja,6.53,3.66,0.5605
fennik_vs_hayate,6.51,1.98,0.3041
eland'orr_vs_lorion,6.46,3.01,0.4659
violet_vs_ybneth,6.44,3.33,0.5171
billow_vs_elsu,6.44,3.78,0.587
annette_vs_wisp,6.44,5.45,0.8463
billow_vs_mina,6.43,2.66,0.4137
rouie_vs_teemee,6.42,5.43,0.8458
nakroth_vs_skud,6.35,3.12,0.4913
eland'orr_vs_y'bneth,6.35,2.67,0.4205
flowborn_vs_nakroth,6.35,3.9,0.6142
lorion_vs_yue,6.33,5.11,0.8073
florentino_vs_violet,6.33,3.0,0.4739
airi_vs_dolia,6.33,3.55,0.5608
marja_vs_nakroth,6.32,5.54,0.8766
dolia_vs_valhein,6.32,2.21,0.3497
elandorr_vs_sinestrea,6.32,2.66,0.4209
dolia_vs_krizzix,6.32,1.55,0.2453
rouie_vs_sinestrea,6.31,2.66,0.4216
ignis_vs_tachi,6.3,3.43,0.5444
enzo_vs_y'bneth,6.24,3.23,0.5176
astrid_vs_capheny,6.23,5.34,0.8571
astrid_vs_maloch,6.23,3.56,0.5714
astrid_vs_ybneth,6.23,3.56,0.5714
astrid_vs_liliana,6.23,3.56,0.5714
capheny_vs_ryoma,6.22,3.66,0.5884
thane_vs_zata,6.22,4.11,0.6608
violet_vs_wisp,6.22,4.22,0.6785
billow_vs_volkath,6.2,2.32,0.3742
edras_vs_lorion,6.2,3.33,0.5371
fennik_vs_lorion,6.17,3.09,0.5008
cresht_vs_marja,6.11,4.56,0.7463
capheny_vs_nakroth,6.11,2.55,0.4173
iggy_vs_thane,6.1,4.44,0.7279
lorion_vs_murad,6.1,1.88,0.3082
stuart_vs_teemee,6.1,3.66,0.6
skud_vs_yena,6.1,4.77,0.782
keera_vs_zephys,6.09,2.33,0.3826
florentino_vs_ryoma,6.09,2.54,0.4171
billow_vs_thane,6.08,2.87,0.472
dolia_vs_tamyn,6.01,3.45,0.574
flowborn_vs_iggy,6.01,3.34,0.5557
liliana_vs_skud,6.01,2.78,0.4626
marja_vs_wiro,6.01,2.67,0.4443
alice_vs_lorion,6.01,3.34,0.5557
alice_vs_capheny,6.01,6.01,1.0
billow_vs_murad,6.0,4.33,0.7217
rouie_vs_toro,6.0,3.67,0.6117
teemee_vs_zata,6.0,1.78,0.2967
maloch_vs_yena,5.99,3.22,0.5376
biron_vs_valhein,5.98,3.99,0.6672
qi_vs_sinestrea,5.98,2.44,0.408
annette_vs_billow,5.98,3.55,0.5936
biron_vs_lorion,5.97,3.54,0.593
florentino_vs_hayate,5.97,3.42,0.5729
mganga_vs_murad,5.97,3.99,0.6683
enzo_vs_stuart,5.97,2.33,0.3903
fennik_vs_ybneth,5.95,3.09,0.5193
keera_vs_toro,5.95,2.42,0.4067
alice_vs_hayate,5.9,3.34,0.5661
flowborn_vs_ryoma,5.9,1.67,0.2831
airi_vs_flowborn,5.9,4.12,0.6983
astrid_vs_zata,5.9,2.34,0.3966
airi_vs_maloch,5.89,1.89,0.3209
violet_vs_zephys,5.89,3.23,0.5484
cresht_vs_zephys,5.89,5.33,0.9049
capheny_vs_yue,5.88,3.33,0.5663
dolia_vs_wisp,5.87,2.77,0.4719
elandorr_vs_tachi,5.87,2.88,0.4906
edras_vs_zephys,5.87,4.32,0.7359
mganga_vs_zata,5.87,1.55,0.2641
murad_vs_tachi,5.87,2.21,0.3765
taara_vs_tachi,5.87,2.54,0.4327
dolia_vs_nakroth,5.87,0.99,0.1687
maloch_vs_sinestrea,5.87,0.11,0.0187
skud_vs_valhein,5.87,2.21,0.3765
liliana_vs_ryoma,5.86,1.66,0.2833
rouie_vs_yena,5.86,3.43,0.5853
iggy_vs_qi,5.86,4.65,0.7935
lorion_vs_maloch,5.85,3.76,0.6427
dolia_vs_qi,5.85,3.85,0.6581
fennik_vs_marja,5.84,2.32,0.3973
eland'orr_vs_zephys,5.8,1.11,0.1914
eland'orr_vs_violet,5.8,4.46,0.769
rouie_vs_zephys,5.79,4.12,0.7116
skud_vs_violet,5.79,2.23,0.3851
airi_vs_wisp,5.79,2.56,0.4421
dolia_vs_violet,5.78,2.0,0.346
dolia_vs_maloch,5.78,4.11,0.7111
sinestrea_vs_wisp,5.78,3.11,0.5381
cresht_vs_dolia,5.78,2.55,0.4412
airi_vs_rouie,5.78,4.0,0.692
capheny_vs_taara,5.77,3.99,0.6915
skud_vs_yue,5.77,3.89,0.6742
annette_vs_edras,5.77,4.55,0.7886
ryoma_vs_ybneth,5.77,3.22,0.5581
sinestrea_vs_zata,5.76,4.21,0.7309
annette_vs_tachi,5.76,4.21,0.7309
qi_vs_teemee,5.76,1.66,0.2882
teemee_vs_wisp,5.76,3.89,0.6753
skud_vs_zephys,5.76,3.33,0.5781
elandorr_vs_taara,5.75,4.1,0.713
lorion_vs_teemee,5.75,2.77,0.4817
mganga_vs_stuart,5.75,4.21,0.7322
billow_vs_fennik,5.74,2.54,0.4425
edras_vs_sinestrea,5.73,2.53,0.4415
ybneth_vs_zephys,5.72,3.3,0.5769
flowborn_vs_liliana,5.68,3.01,0.5299
taara_vs_zata,5.67,4.11,0.7249
annette_vs_valhein,5.67,3.11,0.5485
billow_vs_ryoma,5.67,2.45,0.4321
airi_vs_valhein,5.66,2.0,0.3534
murad_vs_ybneth,5.66,4.44,0.7845
sinestrea_vs_valhein,5.66,4.66,0.8233
mganga_vs_sinestrea,5.65,2.33,0.4124
thane_vs_wisp,5.65,2.33,0.4124
liliana_vs_riktor,5.65,3.44,0.6088
lorion_vs_taara,5.65,3.33,0.5894
mganga_vs_skud,5.64,0.99,0.1755
murad_vs_taara,5.64,1.54,0.273
liliana_vs_stuart,5.64,2.66,0.4716
rouie_vs_ryoma,5.64,3.21,0.5691
cresht_vs_stuart,5.57,5.01,0.8995
dolia_vs_volkath,5.57,3.01,0.5404
billow_vs_y'bneth,5.57,2.67,0.4794
mina_vs_zata,5.56,2.11,0.3795
capheny_vs_zephys,5.56,3.45,0.6205
cresht_vs_wisp,5.56,1.67,0.3004
airi_vs_liliana,5.55,2.33,0.4198
capheny_vs_edras,5.54,2.44,0.4404
dolia_vs_keera,5.54,1.99,0.3592
keera_vs_yue,5.54,2.11,0.3809
capheny_vs_valhein,5.54,2.21,0.3989
capheny_vs_yena,5.54,3.0,0.5415
mganga_vs_valhein,5.54,2.55,0.4603
ignis_vs_yena,5.53,2.65,0.4792
dolia_vs_iggy,5.53,2.54,0.4593
biron_vs_teemee,5.53,2.99,0.5407
stuart_vs_wisp,5.52,2.21,0.4004
flowborn_vs_wiro,5.46,3.79,0.6941
alice_vs_taara,5.46,3.23,0.5916
cresht_vs_mina,5.45,2.56,0.4697
maloch_vs_rouie,5.45,2.78,0.5101
iggy_vs_maloch,5.44,3.0,0.5515
biron_vs_thane,5.44,2.67,0.4908
capheny_vs_zata,5.44,2.44,0.4485
keera_vs_nakroth,5.44,3.11,0.5717
heino_vs_lorion,5.43,2.88,0.5304
florentino_vs_yena,5.43,2.99,0.5506
ignis_vs_qi,5.43,1.44,0.2652
florentino_vs_ignis,5.43,3.66,0.674
lorion_vs_valhein,5.43,2.1,0.3867
edras_vs_teemee,5.42,4.76,0.8782
keera_vs_teemee,5.42,1.88,0.3469
enzo_vs_mganga,5.42,2.66,0.4908
elandorr_vs_murad,5.42,1.54,0.2841
billow_vs_valhein,5.42,1.88,0.3469
florentino_vs_iggy,5.41,2.87,0.5305
valhein_vs_zephys,5.41,2.88,0.5323
cresht_vs_lorion,5.34,1.56,0.2921
astrid_vs_skud,5.34,4.45,0.8333
annette_vs_tamyn,5.34,2.67,0.5
astrid_vs_biron,5.34,3.56,0.6667
capheny_vs_tamyn,5.34,2.67,0.5
tamyn_vs_zata,5.34,1.78,0.3333
tamyn_vs_violet,5.34,2.67,0.5
nakroth_vs_sinestrea,5.34,1.56,0.2921
airi_vs_mganga,5.33,3.67,0.6886
edras_vs_mganga,5.33,4.67,0.8762
keera_vs_liliana,5.33,2.56,0.4803
valhein_vs_yue,5.33,2.89,0.5422
ryoma_vs_stuart,5.33,3.78,0.7092
chaugnar_vs_elandorr,5.32,4.1,0.7707
enzo_vs_wisp,5.32,2.88,0.5414
riktor_vs_tachi,5.31,1.54,0.29
dolia_vs_edras,5.31,2.54,0.4783
krizzix_vs_sinestrea,5.3,4.42,0.834
annette_vs_taara,5.3,4.09,0.7717
liliana_vs_tamyn,5.23,1.67,0.3193
maloch_vs_yue,5.23,1.78,0.3403
marja_vs_tamyn,5.23,2.56,0.4895
cresht_vs_murad,5.23,3.45,0.6597
taara_vs_yena,5.22,2.0,0.3831
hayate_vs_maloch,5.22,4.89,0.9368
ybneth_vs_yue,5.21,3.89,0.7466
airi_vs_toro,5.21,3.55,0.6814
sinestrea_vs_tachi,5.2,4.32,0.8308
teemee_vs_valhein,5.2,2.1,0.4038
edras_vs_qi,5.18,3.08,0.5946
edras_vs_ybneth,5.18,2.31,0.4459
nakroth_vs_zata,5.12,4.34,0.8477
billow_vs_butterfly,5.12,2.67,0.5215
alice_vs_cresht,5.12,3.45,0.6738
cresht_vs_flowborn,5.12,3.56,0.6953
ryoma_vs_violet,5.11,2.67,0.5225
ryoma_vs_teemee,5.11,3.34,0.6536
keera_vs_thane,5.1,1.55,0.3039
florentino_vs_wisp,5.1,1.11,0.2176
airi_vs_skud,5.1,3.0,0.5882
florentino_vs_lorion,5.1,1.77,0.3471
qi_vs_taara,5.1,3.56,0.698
elandorr_vs_keera,5.09,3.21,0.6306
annette_vs_qi,5.09,3.21,0.6306
enzo_vs_tachi,5.09,2.32,0.4558
dolia_vs_tachi,5.08,2.21,0.435
eland'orr_vs_zata,5.01,4.12,0.8224
annette_vs_flowborn,5.01,3.23,0.6447
cresht_vs_ryoma,5.01,2.0,0.3992
mganga_vs_violet,5.01,4.23,0.8443
riktor_vs_violet,5.0,1.55,0.31
sinestrea_vs_wiro,5.0,3.0,0.6
ignis_vs_violet,5.0,2.89,0.578
annette_vs_skud,4.99,2.0,0.4008
cresht_vs_liliana,4.99,3.55,0.7114
baldum_vs_lorion,4.99,2.1,0.4208
elandorr_vs_nakroth,4.99,2.89,0.5792
ignis_vs_sinestrea,4.99,0.66,0.1323
biron_vs_mina,4.99,3.44,0.6894
enzo_vs_florentino,4.98,3.1,0.6225
dolia_vs_florentino,4.98,1.88,0.3775
qi_vs_zata,4.98,0.33,0.0663
edras_vs_murad,4.98,2.44,0.49
biron_vs_keera,4.97,1.54,0.3099
maloch_vs_stuart,4.97,2.43,0.4889
iggy_vs_ybneth,4.96,2.54,0.5121
fennik_vs_stuart,4.95,2.64,0.5333
elsu_vs_stuart,4.95,1.65,0.3333
rouie_vs_valhein,4.95,2.53,0.5111
astrid_vs_hayate,4.9,4.01,0.8184
billow_vs_eland'orr,4.9,2.45,0.5
alice_vs_enzo,4.9,1.67,0.3408
hayate_vs_y'bneth,4.9,1.89,0.3857
lorion_vs_nakroth,4.89,4.0,0.818
florentino_vs_teemee,4.89,2.78,0.5685
sinestrea_vs_violet,4.89,1.78,0.364
maloch_vs_valhein,4.87,2.77,0.5688
sinestrea_vs_skud,4.87,2.99,0.614
mina_vs_teemee,4.87,2.43,0.499
iggy_vs_keera,4.86,2.87,0.5905
enzo_vs_valhein,4.85,3.09,0.6371
toro_vs_y'bneth,4.8,1.45,0.3021
eland'orr_vs_flowborn,4.8,0.67,0.1396
enzo_vs_violet,4.79,3.57,0.7453
maloch_vs_violet,4.78,2.11,0.4414
sinestrea_vs_yue,4.78,3.0,0.6276
enzo_vs_wiro,4.78,2.33,0.4874
annette_vs_rouie,4.77,3.22,0.6751
elsu_vs_zata,4.77,2.11,0.4423
enzo_vs_qi,4.77,3.11,0.652
riktor_vs_yena,4.76,3.87,0.813
enzo_vs_taara,4.76,1.77,0.3718
airi_vs_teemee,4.76,1.88,0.395
florentino_vs_ybneth,4.75,1.65,0.3474
ignis_vs_valhein,4.75,1.21,0.2547
lorion_vs_yena,4.75,3.21,0.6758
qi_vs_zephys,4.74,2.98,0.6287
keera_vs_sinestrea,4.74,1.43,0.3017
eland'orr_vs_keera,4.69,4.69,1.0
annette_vs_cresht,4.67,1.67,0.3576
capheny_vs_cresht,4.67,3.45,0.7388
nakroth_vs_rouie,4.67,0.67,0.1435
airi_vs_ignis,4.67,2.56,0.5482
ryoma_vs_taara,4.66,2.23,0.4785
thane_vs_zephys,4.66,2.55,0.5472
airi_vs_murad,4.66,2.11,0.4528
thane_vs_zuka,4.66,2.11,0.4528
liliana_vs_ybneth,4.66,1.78,0.382
elandorr_vs_ignis,4.64,2.21,0.4763
edras_vs_ignis,4.64,2.87,0.6185
thane_vs_ybneth,4.64,1.65,0.3556
elsu_vs_toro,4.64,1.88,0.4052
fennik_vs_teemee,4.63,1.21,0.2613
dolia_vs_taara,4.63,1.76,0.3801
omen_vs_toro,4.63,3.08,0.6652
flowborn_vs_wisp,4.57,3.01,0.6586
airi_vs_thane,4.56,2.56,0.5614
maloch_vs_mina,4.56,1.67,0.3662
billow_vs_cresht,4.56,2.78,0.6096
capheny_vs_wiro,4.56,2.45,0.5373
mganga_vs_zephys,4.55,2.66,0.5846
liliana_vs_lorion,4.55,2.89,0.6352
airi_vs_iggy,4.55,1.88,0.4132
ignis_vs_wisp,4.55,0.55,0.1209
nakroth_vs_toro,4.55,3.11,0.6835
keera_vs_wisp,4.54,1.44,0.3172
annette_vs_mganga,4.54,1.88,0.4141
elsu_vs_qi,4.53,3.54,0.7815
hayate_vs_mganga,4.52,3.09,0.6836
edras_vs_elandorr,4.52,2.87,0.635
flowborn_vs_zata,4.46,0.78,0.1749
cresht_vs_elandorr,4.45,0.89,0.2
cresht_vs_maloch,4.45,0.89,0.2
butterfly_vs_ryoma,4.45,0.0,0.0
tamyn_vs_yue,4.45,2.67,0.6
enzo_vs_yue,4.44,2.78,0.6261
tachi_vs_yue,4.44,2.11,0.4752
yena_vs_zata,4.44,2.22,0.5
mganga_vs_zuka,4.44,1.78,0.4009
taara_vs_ybneth,4.44,3.22,0.7252
dolia_vs_omen,4.43,3.44,0.7765
riktor_vs_zata,4.43,1.99,0.4492
enzo_vs_sinestrea,4.43,0.44,0.0993
biron_vs_stuart,4.41,1.98,0.449
flowborn_vs_y'bneth,4.35,1.34,0.308
flowborn_vs_skud,4.35,2.01,0.4621
flowborn_vs_qi,4.35,2.23,0.5126
skud_vs_y'bneth,4.34,2.22,0.5115
astrid_vs_yena,4.34,3.45,0.7949
biron_vs_flowborn,4.34,1.78,0.4101
elandorr_vs_flowborn,4.34,2.67,0.6152
alice_vs_ryoma,4.34,0.89,0.2051
butterfly_vs_zata,4.34,2.56,0.5899
violet_vs_wiro,4.34,3.45,0.7949
keera_vs_taara,4.33,2.33,0.5381
annette_vs_yena,4.33,3.23,0.746
annette_vs_enzo,4.32,3.88,0.8981
iggy_vs_murad,4.32,3.55,0.8218
capheny_vs_florentino,4.32,2.0,0.463
mina_vs_toro,4.32,2.33,0.5394
elsu_vs_iggy,4.31,1.87,0.4339
dolia_vs_murad,4.31,2.21,0.5128
fennik_vs_mganga,4.3,2.42,0.5628
cresht_vs_skud,4.23,1.45,0.3428
cresht_vs_nakroth,4.23,3.34,0.7896
alice_vs_florentino,4.23,2.67,0.6312
butterfly_vs_tachi,4.23,2.45,0.5792
annette_vs_murad,4.22,2.11,0.5
biron_vs_rouie,4.22,1.55,0.3673
biron_vs_yue,4.22,1.22,0.2891
maloch_vs_marja,4.21,1.66,0.3943
tachi_vs_thane,4.21,2.88,0.6841
liliana_vs_maloch,4.21,1.77,0.4204
florentino_vs_valhein,4.21,2.99,0.7102
elandorr_vs_riktor,4.21,1.99,0.4727
mganga_vs_yue,4.21,1.77,0.4204
elsu_vs_tachi,4.2,2.55,0.6071
florentino_vs_taara,4.2,0.88,0.2095
elsu_vs_sinestrea,4.18,0.99,0.2368
flowborn_vs_stuart,4.13,2.01,0.4867
annette_vs_nakroth,4.12,1.89,0.4587
edras_vs_flowborn,4.12,2.34,0.568
flowborn_vs_teemee,4.12,3.23,0.784
astrid_vs_flowborn,4.12,2.67,0.6481
butterfly_vs_capheny,4.12,1.56,0.3786
cresht_vs_hayate,4.11,2.67,0.6496
iggy_vs_nakroth,4.11,2.67,0.6496
stuart_vs_yena,4.11,0.11,0.0268
edras_vs_ryoma,4.11,2.0,0.4866
airi_vs_ybneth,4.11,0.89,0.2165
annette_vs_yue,4.1,2.77,0.6756
toro_vs_yue,4.09,1.22,0.2983
biron_vs_tachi,4.09,1.55,0.379
edras_vs_valhein,4.09,3.43,0.8386
enzo_vs_keera,4.09,2.88,0.7042
airi_vs_billow,4.09,2.33,0.5697
zephys_vs_zuka,4.08,1.88,0.4608
airi_vs_zephys,4.01,2.45,0.611
y'bneth_vs_zuka,4.01,3.23,0.8055
ignis_vs_nakroth,4.0,3.0,0.75
gildur_vs_liliana,4.0,1.33,0.3325
chaugnar_vs_lorion,4.0,4.0,1.0
mganga_vs_teemee,3.99,1.55,0.3885
krizzix_vs_liliana,3.99,2.55,0.6391
capheny_vs_dolia,3.99,2.11,0.5288
iggy_vs_zuka,3.99,1.89,0.4737
biron_vs_zata,3.99,3.0,0.7519
omen_vs_taara,3.99,1.22,0.3058
wisp_vs_yena,3.99,2.77,0.6942
dolia_vs_ybneth,3.99,1.55,0.3885
hayate_vs_nakroth,3.99,2.77,0.6942
aya_vs_omen,3.98,1.77,0.4447
riktor_vs_toro,3.98,0.99,0.2487
iggy_vs_wisp,3.97,1.76,0.4433
capheny_vs_fennik,3.96,2.09,0.5278
fennik_vs_toro,3.96,2.64,0.6667
dolia_vs_fennik,3.96,1.54,0.3889
nakroth_vs_thane,3.89,0.22,0.0566
cresht_vs_thane,3.89,2.67,0.6864
ryoma_vs_sinestrea,3.89,0.0,0.0
billow_vs_omen,3.88,1.88,0.4845
violet_vs_yue,3.88,3.22,0.8299
biron_vs_nakroth,3.88,2.0,0.5155
cresht_vs_ybneth,3.88,2.44,0.6289
billow_vs_yue,3.88,1.77,0.4562
murad_vs_yue,3.88,2.0,0.5155
maloch_vs_nakroth,3.88,2.33,0.6005
dolia_vs_riktor,3.88,2.66,0.6856
hayate_vs_riktor,3.88,2.55,0.6572
wisp_vs_yue,3.88,2.66,0.6856
rouie_vs_thane,3.88,2.22,0.5722
elsu_vs_wisp,3.87,1.44,0.3721
qi_vs_yue,3.87,2.44,0.6305
teemee_vs_zephys,3.87,1.22,0.3152
enzo_vs_hayate,3.87,1.33,0.3437
biron_vs_taara,3.87,1.33,0.3437
hayate_vs_moren,3.86,3.2,0.829
ignis_vs_ybneth,3.86,1.21,0.3135
hayate_vs_krizzix,3.85,1.1,0.2857
eland'orr_vs_wisp,3.79,2.34,0.6174
qi_vs_y'bneth,3.79,1.56,0.4116
annette_vs_riktor,3.78,2.89,0.7646
annette_vs_maloch,3.78,3.0,0.7937
taara_vs_thane,3.78,0.77,0.2037
butterfly_vs_violet,3.78,2.0,0.5291
mganga_vs_wiro,3.78,1.0,0.2646
zata_vs_zephys,3.77,2.88,0.7639
keera_vs_zata,3.77,1.55,0.4111
ryoma_vs_zuka,3.77,2.22,0.5889
billow_vs_nakroth,3.77,2.22,0.5889
liliana_vs_taara,3.77,1.55,0.4111
gildur_vs_iggy,3.77,1.77,0.4695
krizzix_vs_toro,3.76,3.1,0.8245
maloch_vs_qi,3.76,0.88,0.234
iggy_vs_yena,3.76,2.1,0.5585
capheny_vs_keera,3.76,2.32,0.617
capheny_vs_zuka,3.76,1.67,0.4441
edras_vs_wisp,3.76,2.44,0.6489
florentino_vs_stuart,3.75,0.99,0.264
fennik_vs_yena,3.75,0.66,0.176
keera_vs_rouie,3.75,1.1,0.2933
fennik_vs_ryoma,3.75,1.32,0.352
moren_vs_taara,3.75,1.32,0.352
enzo_vs_nakroth,3.68,2.12,0.5761
flowborn_vs_zuka,3.68,2.12,0.5761
dolia_vs_eland'orr,3.68,0.89,0.2418
flowborn_vs_mganga,3.68,3.68,1.0
annette_vs_ignis,3.67,2.78,0.7575
baldum_vs_skud,3.67,1.44,0.3924
alice_vs_maloch,3.67,3.34,0.9101
edras_vs_skud,3.66,2.11,0.5765
liliana_vs_valhein,3.66,1.33,0.3634
sinestrea_vs_yena,3.65,2.0,0.5479
mina_vs_thane,3.65,1.55,0.4247
elsu_vs_marja,3.65,1.33,0.3644
keera_vs_valhein,3.64,0.99,0.272
elsu_vs_yena,3.64,1.55,0.4258
ignis_vs_skud,3.64,0.66,0.1813
edras_vs_taara,3.64,1.76,0.4835
florentino_vs_qi,3.64,1.21,0.3324
y'bneth_vs_zephys,3.57,2.12,0.5938
cresht_vs_ignis,3.56,1.89,0.5309
enzo_vs_mina,3.56,1.56,0.4382
wiro_vs_ybneth,3.56,0.89,0.25
biron_vs_tamyn,3.56,1.78,0.5
alice_vs_thane,3.56,1.78,0.5
annette_vs_thane,3.56,1.0,0.2809
alice_vs_astrid,3.56,1.78,0.5
astrid_vs_teemee,3.56,2.67,0.75
astrid_vs_qi,3.56,3.56,1.0
ryoma_vs_tamyn,3.56,0.89,0.25
cresht_vs_keera,3.56,1.11,0.3118
valhein_vs_zuka,3.56,1.78,0.5
tamyn_vs_ybneth,3.56,2.67,0.75
mina_vs_wiro,3.56,1.78,0.5
alice_vs_toro,3.56,1.78,0.5
flowborn_vs_ybneth,3.56,0.89,0.25
airi_vs_zuka,3.56,2.67,0.75
annette_vs_astrid,3.56,0.0,0.0
alice_vs_ignis,3.56,2.67,0.75
astrid_vs_yue,3.56,2.67,0.75
billow_vs_tamyn,3.56,0.89,0.25
teemee_vs_thane,3.55,1.44,0.4056
teemee_vs_yue,3.55,1.55,0.4366
riktor_vs_sinestrea,3.55,0.89,0.2507
rouie_vs_stuart,3.54,1.43,0.404
nakroth_vs_ybneth,3.54,2.1,0.5932
annette_vs_keera,3.54,2.22,0.6271
teemee_vs_wiro,3.54,1.33,0.3757
edras_vs_rouie,3.53,0.66,0.187
fennik_vs_tachi,3.52,1.76,0.5
astrid_vs_riktor,3.45,1.67,0.4841
alice_vs_annette,3.45,2.67,0.7739
maloch_vs_wiro,3.45,2.56,0.742
biron_vs_wiro,3.45,0.89,0.258
alice_vs_butterfly,3.45,1.78,0.5159
flowborn_vs_riktor,3.45,0.78,0.2261
billow_vs_chaugnar,3.44,1.22,0.3547
florentino_vs_mganga,3.44,1.33,0.3866
florentino_vs_rouie,3.44,0.33,0.0959
thane_vs_violet,3.44,1.33,0.3866
murad_vs_valhein,3.43,1.44,0.4198
fennik_vs_zephys,3.43,0.88,0.2566
biron_vs_liliana,3.43,2.22,0.6472
keera_vs_mganga,3.43,0.99,0.2886
edras_vs_florentino,3.43,1.22,0.3557
baldum_vs_billow,3.43,1.44,0.4198
dolia_vs_yena,3.43,1.22,0.3557
krizzix_vs_skud,3.43,3.1,0.9038
riktor_vs_rouie,3.43,2.43,0.7085
florentino_vs_riktor,3.43,1.88,0.5481
mganga_vs_wisp,3.42,0.44,0.1287
fennik_vs_maloch,3.42,1.76,0.5146
dolia_vs_ignis,3.42,1.1,0.3216
fennik_vs_ignis,3.41,1.98,0.5806
edras_vs_fennik,3.41,2.42,0.7097
edras_vs_iggy,3.41,1.76,0.5161
biron_vs_yena,3.41,1.32,0.3871
aya_vs_capheny,3.41,1.43,0.4194
fennik_vs_qi,3.41,2.42,0.7097
eland'orr_vs_marja,3.35,2.12,0.6328
eland'orr_vs_ryoma,3.35,2.23,0.6657
marja_vs_y'bneth,3.34,0.33,0.0988
eland'orr_vs_yena,3.34,2.45,0.7335
lorion_vs_volkath,3.34,1.56,0.4671
flowborn_vs_keera,3.34,1.56,0.4671
astrid_vs_stuart,3.34,3.34,1.0
alice_vs_riktor,3.34,2.56,0.7665
alice_vs_skud,3.34,2.45,0.7335
gildur_vs_tachi,3.33,0.55,0.1652
airi_vs_yena,3.33,1.56,0.4685
mina_vs_wisp,3.33,1.22,0.3664
mina_vs_valhein,3.33,0.77,0.2312
biron_vs_cresht,3.33,0.89,0.2673
elandorr_vs_thane,3.32,2.66,0.8012
mina_vs_zephys,3.32,2.54,0.7651
murad_vs_wisp,3.32,1.32,0.3976
biron_vs_mganga,3.32,2.54,0.7651
capheny_vs_omen,3.32,1.44,0.4337
omen_vs_sinestrea,3.32,0.99,0.2982
mina_vs_murad,3.32,1.21,0.3645
omen_vs_stuart,3.32,1.88,0.5663
tachi_vs_yena,3.31,1.55,0.4683
airi_vs_fennik,3.31,0.55,0.1662
qi_vs_valhein,3.31,2.32,0.7009
fennik_vs_zata,3.31,1.43,0.432
elandorr_vs_omen,3.31,1.44,0.435
violet_vs_volkath,3.23,1.67,0.517
eland'orr_vs_taara,3.23,3.23,1.0
astrid_vs_ryoma,3.23,1.78,0.5511
astrid_vs_thane,3.23,2.67,0.8266
astrid_vs_ignis,3.23,2.67,0.8266
maloch_vs_y'bneth,3.23,1.78,0.5511
butterfly_vs_qi,3.23,3.23,1.0
flowborn_vs_maloch,3.23,1.56,0.483
cresht_vs_teemee,3.23,2.45,0.7585
annette_vs_lorion,3.22,3.22,1.0
lorion_vs_zuka,3.22,2.0,0.6211
ryoma_vs_skud,3.22,0.89,0.2764
iggy_vs_zata,3.22,2.11,0.6553
skud_vs_taara,3.21,2.88,0.8972
enzo_vs_zuka,3.21,0.89,0.2773
mina_vs_ybneth,3.21,2.21,0.6885
riktor_vs_stuart,3.21,1.44,0.4486
ignis_vs_teemee,3.21,0.33,0.1028
elandorr_vs_gildur,3.21,2.44,0.7601
biron_vs_sinestrea,3.21,1.66,0.5171
marja_vs_skud,3.21,1.77,0.5514
valhein_vs_violet,3.21,1.33,0.4143
rouie_vs_zuka,3.21,2.11,0.6573
elsu_vs_ybneth,3.21,0.66,0.2056
elsu_vs_skud,3.2,0.66,0.2062
ignis_vs_keera,3.2,2.1,0.6562
iggy_vs_mina,3.2,1.99,0.6219
aya_vs_maloch,3.19,1.65,0.5172
nakroth_vs_valhein,3.12,0.89,0.2853
toro_vs_wiro,3.12,3.12,1.0
eland'orr_vs_sinestrea,3.12,2.23,0.7147
nakroth_vs_zuka,3.12,0.56,0.1795
astrid_vs_florentino,3.12,1.67,0.5353
eland'orr_vs_ignis,3.12,1.22,0.391
alice_vs_liliana,3.12,1.78,0.5705
alice_vs_violet,3.12,0.89,0.2853
skud_vs_zuka,3.11,0.78,0.2508
nakroth_vs_teemee,3.11,0.78,0.2508
omega_vs_violet,3.11,1.11,0.3569
riktor_vs_valhein,3.11,0.55,0.1768
riktor_vs_teemee,3.11,2.11,0.6785
qi_vs_wiro,3.11,2.0,0.6431
biron_vs_dolia,3.1,2.44,0.7871
edras_vs_thane,3.1,1.88,0.6065
annette_vs_mina,3.1,0.89,0.2871
taara_vs_yue,3.1,2.44,0.7871
iggy_vs_omen,3.1,1.11,0.3581
annette_vs_zephys,3.1,1.78,0.5742
lorion_vs_riktor,3.1,1.1,0.3548
biron_vs_hayate,3.1,1.66,0.5355
mganga_vs_thane,3.09,2.43,0.7864
ignis_vs_zephys,3.09,1.1,0.356
moren_vs_tachi,3.09,1.44,0.466
lorion_vs_mganga,3.09,2.1,0.6796
capheny_vs_elsu,3.09,1.22,0.3948
ryoma_vs_thane,3.09,2.32,0.7508
liliana_vs_thane,3.09,2.1,0.6796
aya_vs_zata,3.08,2.42,0.7857
elsu_vs_mganga,3.08,0.88,0.2857
richter_vs_ryoma,3.01,1.67,0.5548
eland'orr_vs_mina,3.01,3.01,1.0
eland'orr_vs_mganga,3.01,1.45,0.4817
eland'orr_vs_enzo,3.01,0.78,0.2591
florentino_vs_yue,3.0,2.11,0.7033
airi_vs_elandorr,3.0,2.11,0.7033
ignis_vs_wiro,3.0,2.67,0.89
baldum_vs_capheny,3.0,2.0,0.6667
billow_vs_zuka,3.0,1.33,0.4433
airi_vs_keera,2.99,1.22,0.408
ignis_vs_zuka,2.99,2.55,0.8528
murad_vs_teemee,2.99,1.66,0.5552
biron_vs_riktor,2.99,1.33,0.4448
toro_vs_zuka,2.99,1.55,0.5184
rouie_vs_skud,2.99,2.55,0.8528
dolia_vs_yue,2.99,1.55,0.5184
murad_vs_skud,2.98,0.66,0.2215
biron_vs_edras,2.98,1.22,0.4094
elandorr_vs_hayate,2.98,1.66,0.557
elandorr_vs_krizzix,2.98,1.54,0.5168
hayate_vs_omen,2.98,1.11,0.3725
nakroth_vs_yue,2.98,1.88,0.6309
dolia_vs_enzo,2.97,1.65,0.5556
edras_vs_hayate,2.97,0.99,0.3333
fennik_vs_wisp,2.97,1.32,0.4444
taara_vs_y'bneth,2.9,0.0,0.0
eland'orr_vs_rouie,2.9,1.45,0.5
florentino_vs_y'bneth,2.9,0.0,0.0
dyadia_vs_toro,2.89,0.78,0.2699
ignis_vs_mina,2.89,0.89,0.308
liliana_vs_wiro,2.89,1.22,0.4221
gildur_vs_ryoma,2.89,0.22,0.0761
enzo_vs_ryoma,2.89,0.78,0.2699
marja_vs_mina,2.89,2.0,0.692
skud_vs_thane,2.88,1.77,0.6146
florentino_vs_zuka,2.88,1.22,0.4236
lorion_vs_zata,2.88,1.44,0.5
liliana_vs_zuka,2.88,0.22,0.0764
riktor_vs_ybneth,2.88,1.66,0.5764
liliana_vs_mganga,2.88,0.88,0.3056
florentino_vs_sinestrea,2.88,0.11,0.0382
krizzix_vs_mina,2.88,2.33,0.809
elsu_vs_lorion,2.87,1.88,0.6551
baldum_vs_hayate,2.87,1.77,0.6167
edras_vs_maloch,2.87,1.55,0.5401
dolia_vs_zephys,2.87,1.88,0.6551
taara_vs_wisp,2.87,1.77,0.6167
fennik_vs_riktor,2.87,0.55,0.1916
mganga_vs_natalya,2.87,1.1,0.3833
edras_vs_liliana,2.87,1.88,0.6551
elsu_vs_hayate,2.86,1.1,0.3846
eland'orr_vs_thane,2.79,2.12,0.7599
dolia_vs_richter,2.79,0.56,0.2007
eland'orr_vs_tachi,2.79,1.56,0.5591
volkath_vs_yena,2.79,1.23,0.4409
krizzix_vs_yue,2.78,2.78,1.0
elandorr_vs_wiro,2.78,1.89,0.6799
ybneth_vs_zata,2.78,0.33,0.1187
butterfly_vs_elandorr,2.78,1.89,0.6799
richter_vs_tachi,2.78,2.78,1.0
elandorr_vs_florentino,2.78,1.22,0.4388
elsu_vs_ryoma,2.78,1.34,0.482
edras_vs_yena,2.77,2.11,0.7617
fennik_vs_krizzix,2.77,0.88,0.3177
qi_vs_ryoma,2.77,0.11,0.0397
qi_vs_zuka,2.77,1.56,0.5632
krizzix_vs_tachi,2.77,1.88,0.6787
riktor_vs_skud,2.77,2.44,0.8809
hayate_vs_zuka,2.77,1.33,0.4801
mina_vs_taara,2.77,2.44,0.8809
edras_vs_zata,2.77,1.55,0.5596
biron_vs_moren,2.77,2.11,0.7617
krizzix_vs_stuart,2.77,1.55,0.5596
qi_vs_riktor,2.76,1.33,0.4819
aya_vs_dolia,2.75,2.42,0.88
iggy_vs_y'bneth,2.68,0.67,0.25
wisp_vs_y'bneth,2.68,1.34,0.5
keera_vs_y'bneth,2.68,0.0,0.0
keera_vs_volkath,2.68,1.45,0.541
airi_vs_eland'orr,2.68,2.01,0.75
nakroth_vs_riktor,2.67,1.78,0.6667
astrid_vs_cresht,2.67,2.67,1.0
enzo_vs_yena,2.67,1.56,0.5843
capheny_vs_richter,2.67,0.0,0.0
hayate_vs_wiro,2.67,0.89,0.3333
rouie_vs_tamyn,2.67,1.78,0.6667
astrid_vs_baldum,2.67,0.89,0.3333
iggy_vs_tamyn,2.67,1.78,0.6667
riktor_vs_tamyn,2.67,1.78,0.6667
taara_vs_wiro,2.67,0.22,0.0824
tamyn_vs_wisp,2.67,1.78,0.6667
alice_vs_mina,2.67,1.78,0.6667
alice_vs_ybneth,2.67,2.67,1.0
skud_vs_tamyn,2.67,0.0,0.0
astrid_vs_zuka,2.67,1.78,0.6667
tamyn_vs_wiro,2.67,0.89,0.3333
annette_vs_wiro,2.67,1.78,0.6667
butterfly_vs_dolia,2.67,1.78,0.6667
airi_vs_butterfly,2.67,1.78,0.6667
gildur_vs_toro,2.67,0.22,0.0824
cresht_vs_riktor,2.67,2.67,1.0
taara_vs_volkath,2.67,1.56,0.5843
murad_vs_violet,2.66,1.11,0.4173
dolia_vs_mina,2.66,0.89,0.3346
enzo_vs_thane,2.66,1.33,0.5
enzo_vs_maloch,2.66,1.22,0.4586
edras_vs_enzo,2.66,1.11,0.4173
maloch_vs_riktor,2.66,0.33,0.1241
marja_vs_zuka,2.66,2.0,0.7519
teemee_vs_zuka,2.66,1.11,0.4173
annette_vs_fennik,2.65,1.99,0.7509
murad_vs_rouie,2.65,0.66,0.2491
biron_vs_elandorr,2.65,1.66,0.6264
elsu_vs_taara,2.64,1.54,0.5833
airi_vs_edras,2.64,1.32,0.5
biron_vs_fennik,2.64,0.55,0.2083
rouie_vs_wiro,2.56,1.34,0.5234
flowborn_vs_yue,2.56,0.0,0.0
butterfly_vs_lorion,2.56,0.78,0.3047
rouie_vs_xeniel,2.56,1.78,0.6953
flowborn_vs_thane,2.56,0.0,0.0
astrid_vs_edras,2.56,1.67,0.6523
nakroth_vs_zephys,2.56,0.0,0.0
biron_vs_ryoma,2.56,1.67,0.6523
nakroth_vs_ryoma,2.56,0.33,0.1289
capheny_vs_krizzix,2.56,0.11,0.043
maloch_vs_thane,2.55,0.66,0.2588
enzo_vs_murad,2.55,1.78,0.698
enzo_vs_ignis,2.55,0.77,0.302
baldum_vs_marja,2.55,1.66,0.651
gildur_vs_keera,2.55,0.67,0.2627
maloch_vs_mganga,2.55,0.89,0.349
keera_vs_maloch,2.55,2.0,0.7843
cresht_vs_taara,2.55,0.89,0.349
ignis_vs_maloch,2.55,1.33,0.5216
valhein_vs_yena,2.55,1.55,0.6078
maloch_vs_teemee,2.55,0.89,0.349
capheny_vs_teemee,2.54,1.55,0.6102
edras_vs_keera,2.54,2.21,0.8701
keera_vs_riktor,2.54,1.0,0.3937
valhein_vs_zata,2.54,0.66,0.2598
billow_vs_florentino,2.54,0.99,0.3898
capheny_vs_riktor,2.54,1.22,0.4803
wiro_vs_yena,2.45,0.78,0.3184
alice_vs_teemee,2.45,1.56,0.6367
cresht_vs_wiro,2.45,1.67,0.6816
liliana_vs_y'bneth,2.45,1.22,0.498
eland'orr_vs_skud,2.45,1.56,0.6367
alice_vs_elandorr,2.45,0.78,0.3184
capheny_vs_volkath,2.45,0.56,0.2286
nakroth_vs_wiro,2.45,0.0,0.0
chaugnar_vs_iggy,2.45,0.56,0.2286
violet_vs_yena,2.45,0.89,0.3633
thane_vs_valhein,2.44,1.67,0.6844
volkath_vs_wisp,2.44,0.0,0.0
murad_vs_nakroth,2.44,2.0,0.8197
biron_vs_zuka,2.44,1.55,0.6352
maloch_vs_zuka,2.44,0.33,0.1352
mina_vs_yena,2.44,2.22,0.9098
airi_vs_capheny,2.44,1.11,0.4549
edras_vs_violet,2.44,0.0,0.0
aoi_vs_toro,2.44,1.55,0.6352
airi_vs_annette,2.44,1.78,0.7295
keera_vs_qi,2.43,0.77,0.3169
enzo_vs_moren,2.43,1.44,0.5926
dolia_vs_lorion,2.43,1.44,0.5926
thane_vs_yena,2.43,0.66,0.2716
iggy_vs_tulen,2.43,1.99,0.8189
bolt baron_vs_stuart,2.43,1.22,0.5021
biron_vs_ignis,2.43,1.55,0.6379
aya_vs_taara,2.43,1.77,0.7284
moren_vs_wisp,2.43,0.99,0.4074
gildur_vs_stuart,2.43,0.44,0.1811
florentino_vs_keera,2.43,1.1,0.4527
mganga_vs_riktor,2.43,0.55,0.2263
fennik_vs_keera,2.42,1.43,0.5909
mganga_vs_tachi,2.42,0.88,0.3636
alice_vs_valhein,2.34,2.34,1.0
alice_vs_eland'orr,2.34,0.78,0.3333
dyadia_vs_ignis,2.34,0.78,0.3333
capheny_vs_y'bneth,2.34,0.44,0.188
alice_vs_wisp,2.34,0.0,0.0
baldum_vs_y'bneth,2.34,0.33,0.141
billow_vs_gildur,2.34,2.01,0.859
alice_vs_stuart,2.34,0.89,0.3803
airi_vs_violet,2.34,1.56,0.6667
nakroth_vs_violet,2.34,0.78,0.3333
butterfly_vs_valhein,2.34,1.45,0.6197
astrid_vs_enzo,2.34,1.78,0.7607
biron_vs_chaugnar,2.34,0.0,0.0
violet_vs_y'bneth,2.34,0.0,0.0
chaugnar_vs_zephys,2.34,2.34,1.0
sinestrea_vs_volkath,2.34,0.78,0.3333
enzo_vs_zanis,2.34,0.89,0.3803
chaugnar_vs_hayate,2.34,2.34,1.0
billow_vs_moren,2.33,2.0,0.8584
enzo_vs_rouie,2.33,1.44,0.618
ignis_vs_thane,2.33,0.11,0.0472
sinestrea_vs_thane,2.33,2.33,1.0
omega_vs_thane,2.33,1.44,0.618
valhein_vs_wiro,2.33,0.89,0.382
cresht_vs_edras,2.33,1.11,0.4764
marja_vs_yena,2.33,0.78,0.3348
hayate_vs_volkath,2.33,0.89,0.382
capheny_vs_gildur,2.33,0.89,0.382
airi_vs_omen,2.33,0.78,0.3348
stuart_vs_zuka,2.33,1.11,0.4764
rouie_vs_violet,2.33,0.0,0.0
tachi_vs_volkath,2.32,1.33,0.5733
elsu_vs_keera,2.32,1.88,0.8103
fennik_vs_skud,2.32,0.99,0.4267
annette_vs_elsu,2.32,1.99,0.8578
florentino_vs_murad,2.32,0.55,0.2371
aya_vs_zephys,2.32,1.66,0.7155
iggy_vs_moren,2.31,1.32,0.5714
alice_vs_y'bneth,2.23,0.78,0.3498
eland'orr_vs_maloch,2.23,1.34,0.6009
wisp_vs_xeniel,2.23,1.45,0.6502
cresht_vs_volkath,2.23,0.0,0.0
tachi_vs_y'bneth,2.23,1.45,0.6502
elsu_vs_gildur,2.23,1.9,0.852
liliana_vs_richter,2.23,0.0,0.0
qi_vs_richter,2.23,0.78,0.3498
alice_vs_yena,2.23,1.56,0.6996
airi_vs_richter,2.23,0.67,0.3004
baldum_vs_volkath,2.22,2.22,1.0
omen_vs_zata,2.22,0.33,0.1486
dyadia_vs_violet,2.22,0.33,0.1486
nakroth_vs_qi,2.22,0.66,0.2973
mina_vs_ryoma,2.22,1.33,0.5991
marja_vs_natalya,2.21,0.55,0.2489
fennik_vs_liliana,2.21,0.33,0.1493
teemee_vs_yena,2.21,1.22,0.552
iggy_vs_yue,2.21,1.55,0.7014
heino_vs_marja,2.21,0.22,0.0995
florentino_vs_nakroth,2.21,1.44,0.6516
murad_vs_yena,2.21,0.77,0.3484
heino_vs_tachi,2.21,0.22,0.0995
keera_vs_violet,2.21,1.11,0.5023
keera_vs_ryoma,2.2,0.22,0.1
biron_vs_enzo,2.2,0.77,0.35
billow_vs_natalya,2.2,1.21,0.55
richter_vs_volkath,2.12,0.56,0.2642
cresht_vs_max,2.12,0.67,0.316
teemee_vs_tel'annas,2.12,1.56,0.7358
alice_vs_volkath,2.12,0.0,0.0
eland'orr_vs_nakroth,2.12,2.12,1.0
skud_vs_volkath,2.12,0.56,0.2642
edras_vs_mina,2.11,0.0,0.0
mganga_vs_omen,2.11,0.78,0.3697
stuart_vs_wiro,2.11,0.44,0.2085
gildur_vs_wisp,2.11,1.45,0.6872
keera_vs_zuka,2.11,1.11,0.5261
enzo_vs_volkath,2.11,0.0,0.0
chaugnar_vs_edras,2.11,0.89,0.4218
baldum_vs_violet,2.11,0.78,0.3697
liliana_vs_mina,2.11,0.89,0.4218
capheny_vs_dyadia,2.11,1.33,0.6303
baldum_vs_yue,2.11,1.22,0.5782
mganga_vs_nakroth,2.11,1.78,0.8436
airi_vs_elsu,2.11,1.0,0.4739
mganga_vs_ryoma,2.11,0.67,0.3175
natalya_vs_rouie,2.1,0.66,0.3143
baldum_vs_qi,2.1,2.1,1.0
baldum_vs_ignis,2.1,1.55,0.7381
fennik_vs_rouie,2.1,0.77,0.3667
yena_vs_zuka,2.1,0.44,0.2095
elsu_vs_zephys,2.1,1.22,0.581
baldum_vs_riktor,2.1,0.89,0.4238
biron_vs_elsu,2.1,1.11,0.5286
liliana_vs_murad,2.1,0.55,0.2619
annette_vs_omen,2.1,0.22,0.1048
baldum_vs_ryoma,2.1,0.88,0.419
moren_vs_toro,2.1,1.44,0.6857
mganga_vs_rouie,2.1,0.0,0.0
enzo_vs_fennik,2.09,1.43,0.6842
aya_vs_mganga,2.09,0.77,0.3684
eland'orr_vs_stuart,2.01,2.01,1.0
florentino_vs_skud,2.01,2.01,1.0
airi_vs_y'bneth,2.01,1.9,0.9453
baldum_vs_flowborn,2.01,0.0,0.0
taara_vs_zuka,2.0,0.0,0.0
gildur_vs_skud,2.0,0.89,0.445
max_vs_sinestrea,2.0,0.89,0.445
mina_vs_stuart,2.0,0.22,0.11
airi_vs_riktor,2.0,2.0,1.0
dyadia_vs_stuart,2.0,1.33,0.665
omen_vs_violet,2.0,1.33,0.665
cresht_vs_omen,2.0,1.56,0.78
ignis_vs_ryoma,1.99,0.33,0.1658
enzo_vs_natalya,1.99,1.44,0.7236
elsu_vs_liliana,1.99,0.89,0.4472
krizzix_vs_ryoma,1.99,1.99,1.0
murad_vs_sinestrea,1.99,0.78,0.392
murad_vs_zephys,1.99,1.0,0.5025
keera_vs_murad,1.99,0.55,0.2764
aya_vs_edras,1.98,0.66,0.3333
aya_vs_qi,1.98,1.32,0.6667
omen_vs_yena,1.98,1.21,0.6111
elandorr_vs_elsu,1.98,1.21,0.6111
moren_vs_stuart,1.98,0.66,0.3333
wiro_vs_zephys,1.9,0.78,0.4105
eland'orr_vs_valhein,1.9,1.79,0.9421
richter_vs_violet,1.9,0.0,0.0
chaugnar_vs_murad,1.89,1.22,0.6455
aoi_vs_billow,1.89,0.33,0.1746
butterfly_vs_mganga,1.89,1.11,0.5873
wiro_vs_zuka,1.89,1.89,1.0
cresht_vs_enzo,1.89,0.89,0.4709
skud_vs_zanis,1.89,0.89,0.4709
krizzix_vs_maloch,1.89,0.89,0.4709
chaugnar_vs_nakroth,1.89,1.22,0.6455
alice_vs_qi,1.89,0.78,0.4127
omen_vs_wisp,1.88,0.33,0.1755
fennik_vs_volkath,1.88,0.66,0.3511
sephera_vs_wisp,1.88,0.66,0.3511
chaugnar_vs_toro,1.88,1.55,0.8245
iggy_vs_riktor,1.88,1.0,0.5319
dolia_vs_rouie,1.88,1.55,0.8245
nakroth_vs_stuart,1.88,0.33,0.1755
cresht_vs_yue,1.88,0.66,0.3511
enzo_vs_gildur,1.88,0.44,0.234
baldum_vs_dolia,1.88,1.55,0.8245
krizzix_vs_lorion,1.88,0.78,0.4149
annette_vs_liliana,1.88,0.66,0.3511
biron_vs_gildur,1.88,1.11,0.5904
qi_vs_thane,1.88,0.22,0.117
ignis_vs_yue,1.88,1.22,0.6489
yena_vs_yue,1.88,0.33,0.1755
gildur_vs_marja,1.88,0.33,0.1755
thane_vs_yue,1.88,1.22,0.6489
baldum_vs_mganga,1.88,0.66,0.3511
ryoma_vs_valhein,1.88,1.22,0.6489
lorion_vs_natalya,1.88,1.33,0.7074
fennik_vs_iggy,1.87,0.88,0.4706
elsu_vs_thane,1.87,0.77,0.4118
lorion_vs_omen,1.87,0.66,0.3529
omen_vs_zephys,1.87,1.43,0.7647
aya_vs_marja,1.87,0.11,0.0588
murad_vs_stuart,1.87,0.66,0.3529
fennik_vs_taara,1.87,0.77,0.4118
aya_vs_tachi,1.87,0.66,0.3529
aya_vs_billow,1.87,0.33,0.1765
volkath_vs_y'bneth,1.79,0.56,0.3128
tamyn_vs_valhein,1.78,1.78,1.0
alice_vs_yue,1.78,0.0,0.0
nakroth_vs_y'bneth,1.78,0.33,0.1854
dolia_vs_y'bneth,1.78,0.0,0.0
stuart_vs_volkath,1.78,1.0,0.5618
astrid_vs_valhein,1.78,0.89,0.5
arum_vs_capheny,1.78,0.89,0.5
tamyn_vs_thane,1.78,0.89,0.5
astrid_vs_iggy,1.78,0.89,0.5
omen_vs_tamyn,1.78,0.89,0.5
butterfly_vs_rouie,1.78,0.0,0.0
arum_vs_tamyn,1.78,0.89,0.5
dyadia_vs_zuka,1.78,0.0,0.0
dyadia_vs_taara,1.78,1.45,0.8146
tamyn_vs_zuka,1.78,0.89,0.5
flowborn_vs_mina,1.78,0.0,0.0
richter_vs_y'bneth,1.78,0.89,0.5
butterfly_vs_chaugnar,1.78,0.0,0.0
dolia_vs_wiro,1.78,0.0,0.0
astrid_vs_zephys,1.78,1.78,1.0
liliana_vs_rouie,1.78,0.33,0.1854
taara_vs_tamyn,1.78,0.89,0.5
butterfly_vs_thane,1.78,0.0,0.0
flowborn_vs_valhein,1.78,1.78,1.0
airi_vs_sinestrea,1.78,0.0,0.0
astrid_vs_murad,1.78,0.89,0.5
chaugnar_vs_yue,1.78,0.89,0.5
hayate_vs_tamyn,1.78,0.0,0.0
omen_vs_wiro,1.78,1.78,1.0
thane_vs_wiro,1.78,0.89,0.5
annette_vs_zuka,1.78,1.45,0.8146
enzo_vs_tamyn,1.78,0.89,0.5
edras_vs_wiro,1.78,0.89,0.5
astrid_vs_elsu,1.78,0.0,0.0
butterfly_vs_wiro,1.78,0.89,0.5
airi_vs_biron,1.78,0.89,0.5
butterfly_vs_sinestrea,1.78,0.0,0.0
y'bneth_vs_yue,1.78,0.89,0.5
qi_vs_tamyn,1.78,1.78,1.0
chaugnar_vs_wisp,1.78,0.89,0.5
chaugnar_vs_ignis,1.78,1.78,1.0
chaugnar_vs_marja,1.78,0.89,0.5
krizzix_vs_tamyn,1.78,0.89,0.5
astrid_vs_butterfly,1.78,1.78,1.0
alice_vs_zephys,1.78,1.78,1.0
elsu_vs_violet,1.78,0.89,0.5
nakroth_vs_omen,1.78,0.78,0.4382
billow_vs_dyadia,1.77,0.88,0.4972
ryoma_vs_yena,1.77,0.66,0.3729
heino_vs_stuart,1.77,1.44,0.8136
murad_vs_wiro,1.77,0.0,0.0
annette_vs_stuart,1.77,1.11,0.6271
biron_vs_maloch,1.77,0.0,0.0
ryoma_vs_yue,1.77,1.11,0.6271
krizzix_vs_mganga,1.77,1.77,1.0
krizzix_vs_yena,1.77,1.22,0.6893
fennik_vs_yue,1.77,0.33,0.1864
elsu_vs_enzo,1.77,0.66,0.3729
aoi_vs_hayate,1.77,0.55,0.3107
biron_vs_murad,1.77,0.22,0.1243
dolia_vs_mganga,1.77,0.33,0.1864
fennik_vs_violet,1.77,0.22,0.1243
murad_vs_toro,1.77,0.78,0.4407
mganga_vs_moren,1.77,0.78,0.4407
natalya_vs_toro,1.76,0.33,0.1875
edras_vs_elsu,1.76,1.1,0.625
annette_vs_gildur,1.76,1.1,0.625
natalya_vs_stuart,1.76,0.44,0.25
ryoma_vs_y'bneth,1.68,0.56,0.3333
flowborn_vs_tamyn,1.67,0.0,0.0
alice_vs_zuka,1.67,0.78,0.4671
eland'orr_vs_tamyn,1.67,1.67,1.0
edras_vs_eland'orr,1.67,0.0,0.0
cresht_vs_dyadia,1.67,1.67,1.0
airi_vs_yue,1.67,0.0,0.0
astrid_vs_dyadia,1.67,1.67,1.0
ignis_vs_y'bneth,1.67,0.0,0.0
marja_vs_omega,1.67,1.67,1.0
alice_vs_omega,1.67,1.67,1.0
dyadia_vs_zephys,1.67,0.78,0.4671
airi_vs_wiro,1.67,1.67,1.0
tachi_vs_tamyn,1.67,0.78,0.4671
flowborn_vs_murad,1.67,0.0,0.0
cresht_vs_y'bneth,1.67,0.0,0.0
cresht_vs_mganga,1.67,1.67,1.0
thane_vs_y'bneth,1.67,0.0,0.0
teemee_vs_y'bneth,1.67,0.78,0.4671
dyadia_vs_ryoma,1.67,0.0,0.0
alice_vs_omen,1.67,1.67,1.0
lorion_vs_y'bneth,1.67,0.11,0.0659
volkath_vs_zephys,1.67,0.67,0.4012
astrid_vs_omen,1.67,1.67,1.0
goverra_vs_marja,1.66,0.66,0.3976
annette_vs_krizzix,1.66,0.89,0.5361
murad_vs_yan,1.66,0.0,0.0
liliana_vs_omen,1.66,1.66,1.0
natalya_vs_taara,1.66,0.44,0.2651
riktor_vs_taara,1.66,0.22,0.1325
wisp_vs_zuka,1.66,1.33,0.8012
heino_vs_valhein,1.66,0.44,0.2651
stuart_vs_zephys,1.66,0.33,0.1988
elsu_vs_florentino,1.66,0.44,0.2651
mina_vs_riktor,1.66,0.66,0.3976
yan_vs_zata,1.66,0.44,0.2651
edras_vs_gildur,1.66,1.33,0.8012
fennik_vs_natalya,1.65,0.66,0.4
yue_vs_zephys,1.65,0.99,0.6
murad_vs_omen,1.65,0.66,0.4
billow_vs_riktor,1.65,0.88,0.5333
dolia_vs_moren,1.65,0.66,0.4
fennik_vs_moren,1.65,0.66,0.4
billow_vs_yan,1.65,1.43,0.8667
aya_vs_iggy,1.65,0.66,0.4
murad_vs_zata,1.65,0.66,0.4
dolia_vs_elsu,1.65,1.21,0.7333
florentino_vs_liliana,1.65,0.99,0.6
florentino_vs_zephys,1.65,0.77,0.4667
elandorr_vs_moren,1.65,0.66,0.4
nakroth_vs_richter,1.56,0.0,0.0
alice_vs_nakroth,1.56,1.56,1.0
aoi_vs_cresht,1.56,0.0,0.0
gildur_vs_rouie,1.56,0.56,0.359
omega_vs_richter,1.56,0.0,0.0
alice_vs_kahlii,1.56,1.56,1.0
mganga_vs_omega,1.56,1.56,1.0
y'bneth_vs_zata,1.56,1.56,1.0
billow_vs_wonder woman,1.56,1.56,1.0
butterfly_vs_yena,1.56,0.78,0.5
flowborn_vs_flowborn,1.56,0.0,0.0
wiro_vs_zata,1.56,1.56,1.0
astrid_vs_nakroth,1.56,1.56,1.0
aoi_vs_violet,1.56,0.0,0.0
eland'orr_vs_yue,1.56,1.56,1.0
airi_vs_omega,1.56,0.78,0.5
arthur_vs_ignis,1.56,0.78,0.5
sinestrea_vs_zuka,1.56,1.56,1.0
flowborn_vs_wonder woman,1.56,1.56,1.0
mina_vs_y'bneth,1.56,0.0,0.0
enzo_vs_zata,1.56,0.78,0.5
omega_vs_tachi,1.56,0.0,0.0
butterfly_vs_ybneth,1.56,1.56,1.0
eland'orr_vs_tel'annas,1.56,1.56,1.0
heino_vs_zephys,1.55,0.77,0.4968
heino_vs_mganga,1.55,0.55,0.3548
roxie_vs_toro,1.55,0.66,0.4258
omen_vs_qi,1.55,1.55,1.0
nakroth_vs_natalya,1.55,0.44,0.2839
maloch_vs_murad,1.55,0.77,0.4968
moren_vs_teemee,1.55,0.33,0.2129
aoi_vs_zuka,1.55,1.22,0.7871
natalya_vs_thane,1.55,1.33,0.8581
natalya_vs_valhein,1.55,1.33,0.8581
hayate_vs_slimz,1.55,0.0,0.0
baldum_vs_biron,1.55,0.22,0.1419
dyadia_vs_zata,1.55,0.44,0.2839
sephera_vs_toro,1.55,0.66,0.4258
heino_vs_teemee,1.55,0.44,0.2839
aoi_vs_taara,1.55,0.55,0.3548
biron_vs_krizzix,1.55,0.89,0.5742
rouie_vs_zata,1.55,0.0,0.0
marja_vs_volkath,1.55,0.0,0.0
wisp_vs_yan,1.55,0.66,0.4258
moren_vs_ybneth,1.55,0.33,0.2129
natalya_vs_qi,1.55,0.33,0.2129
mina_vs_zuka,1.55,1.33,0.8581
aya_vs_toro,1.54,0.33,0.2143
toro_vs_yan,1.54,1.21,0.7857
eland'orr_vs_volkath,1.45,0.0,0.0
dyadia_vs_florentino,1.45,0.89,0.6138
flowborn_vs_zephys,1.45,0.67,0.4621
eland'orr_vs_murad,1.45,1.45,1.0
eland'orr_vs_fennik,1.45,1.45,1.0
murad_vs_xeniel,1.45,1.45,1.0
florentino_vs_flowborn,1.45,0.0,0.0
flowborn_vs_yena,1.45,0.78,0.5379
baldum_vs_eland'orr,1.45,0.0,0.0
airi_vs_wonder woman,1.45,1.45,1.0
dyadia_vs_ming,1.45,0.0,0.0
flowborn_vs_kahlii,1.45,0.78,0.5379
hayate_vs_richter,1.45,0.78,0.5379
sinestrea_vs_y'bneth,1.45,0.0,0.0
baldum_vs_liliana,1.45,1.45,1.0
y'bneth_vs_yena,1.45,0.78,0.5379
butterfly_vs_flowborn,1.45,0.56,0.3862
kahlii_vs_murad,1.45,0.67,0.4621
liliana_vs_volkath,1.45,0.89,0.6138
taara_vs_xeniel,1.44,0.66,0.4583
qi_vs_xeniel,1.44,1.22,0.8472
moren_vs_omen,1.44,1.11,0.7708
mganga_vs_mina,1.44,1.22,0.8472
riktor_vs_wisp,1.44,1.44,1.0
qi_vs_volkath,1.44,0.0,0.0
teemee_vs_yan,1.44,1.0,0.6944
baldum_vs_enzo,1.44,0.66,0.4583
capheny_vs_heino,1.44,1.44,1.0
aya_vs_ignis,1.44,0.78,0.5417
murad_vs_ryoma,1.44,1.44,1.0
ignis_vs_murad,1.44,0.22,0.1528
annette_vs_goverra,1.44,0.89,0.6181
baldum_vs_keera,1.44,0.55,0.3819
ignis_vs_omen,1.44,1.44,1.0
iggy_vs_natalya,1.44,1.33,0.9236
mina_vs_tachi,1.44,0.0,0.0
azzenka_vs_marja,1.44,1.11,0.7708
violet_vs_zuka,1.44,1.22,0.8472
mganga_vs_volkath,1.44,0.66,0.4583
biron_vs_volkath,1.44,0.33,0.2292
baldum_vs_sinestrea,1.44,0.66,0.4583
fennik_vs_goverra,1.44,0.33,0.2292
eland'orr_vs_hayate,1.44,1.22,0.8472
mina_vs_yue,1.44,1.44,1.0
krizzix_vs_qi,1.44,0.78,0.5417
gildur_vs_yena,1.43,0.77,0.5385
raz_vs_wisp,1.43,0.22,0.1538
aya_vs_elandorr,1.43,0.66,0.4615
airi_vs_krizzix,1.43,0.44,0.3077
iggy_vs_volkath,1.43,0.77,0.5385
eland'orr_vs_iggy,1.34,0.78,0.5821
stuart_vs_y'bneth,1.34,0.0,0.0
azzen'ka_vs_richter,1.34,0.56,0.4179
flowborn_vs_richter,1.34,0.56,0.4179
heino_vs_richter,1.34,1.34,1.0
tel'annas_vs_violet,1.34,0.56,0.4179
aoi_vs_capheny,1.34,0.56,0.4179
butterfly_vs_taara,1.34,1.34,1.0
yan_vs_zephys,1.34,0.0,0.0
richter_vs_valhein,1.34,1.34,1.0
richter_vs_teemee,1.34,0.78,0.5821
baldum_vs_elandorr,1.33,1.33,1.0
thane_vs_xeniel,1.33,0.78,0.5865
aoi_vs_ryoma,1.33,0.22,0.1654
heino_vs_keera,1.33,0.44,0.3308
chaugnar_vs_stuart,1.33,1.33,1.0
natalya_vs_zephys,1.33,0.0,0.0
dyadia_vs_keera,1.33,1.33,1.0
goverra_vs_nakroth,1.33,1.0,0.7519
fennik_vs_omen,1.33,0.66,0.4962
fennik_vs_mina,1.33,0.0,0.0
dyadia_vs_riktor,1.33,0.0,0.0
airi_vs_natalya,1.33,0.67,0.5038
heino_vs_maloch,1.33,0.44,0.3308
dyadia_vs_wisp,1.33,0.0,0.0
fennik_vs_nakroth,1.33,0.22,0.1654
riktor_vs_zephys,1.33,1.33,1.0
chaugnar_vs_mina,1.33,1.33,1.0
nakroth_vs_omega,1.33,1.33,1.0
krizzix_vs_murad,1.33,0.33,0.2481
baldum_vs_tachi,1.32,0.77,0.5833
baldum_vs_teemee,1.32,0.44,0.3333
elandorr_vs_heino,1.32,0.44,0.3333
edras_vs_omen,1.32,0.33,0.25
aya_vs_stuart,1.32,0.66,0.5
aya_vs_skud,1.32,0.44,0.3333
cresht_vs_moren,1.32,1.32,1.0
marja_vs_moren,1.32,1.32,1.0
edras_vs_yue,1.32,0.99,0.75
teemee_vs_telannas,1.32,1.32,1.0
enzo_vs_omen,1.32,0.33,0.25
fennik_vs_thane,1.32,0.55,0.4167
nakroth_vs_taara,1.32,0.33,0.25
biron_vs_qi,1.32,0.33,0.25
marja_vs_raz,1.32,0.66,0.5
toro_vs_volkath,1.32,0.99,0.75
aya_vs_hayate,1.32,0.77,0.5833
kriknak_vs_rouie,1.23,1.23,1.0
elsu_vs_y'bneth,1.23,0.56,0.4553
nakroth_vs_volkath,1.23,0.67,0.5447
airi_vs_max,1.23,0.67,0.5447
krixi_vs_y'bneth,1.23,0.0,0.0
volkath_vs_zuka,1.23,1.23,1.0
natalya_vs_y'bneth,1.23,0.11,0.0894
eland'orr_vs_teemee,1.23,0.56,0.4553
gildur_vs_nakroth,1.23,1.23,1.0
chaugnar_vs_y'bneth,1.23,0.0,0.0
chaugnar_vs_eland'orr,1.23,0.0,0.0
capheny_vs_moren,1.22,0.89,0.7295
chaugnar_vs_florentino,1.22,1.22,1.0
sephera_vs_tachi,1.22,0.0,0.0
enzo_vs_omega,1.22,1.22,1.0
sinestrea_vs_slimz,1.22,0.0,0.0
skud_vs_slimz,1.22,0.0,0.0
biron_vs_ming,1.22,0.33,0.2705
omega_vs_qi,1.22,0.33,0.2705
liliana_vs_omega,1.22,0.89,0.7295
airi_vs_chaugnar,1.22,1.22,1.0
goverra_vs_thane,1.22,0.33,0.2705
iggy_vs_omega,1.22,1.22,1.0
airi_vs_cresht,1.22,0.0,0.0
aoi_vs_sinestrea,1.22,0.33,0.2705
hayate_vs_mina,1.22,0.0,0.0
edras_vs_riktor,1.22,0.33,0.2705
cresht_vs_rouie,1.22,0.89,0.7295
moren_vs_sinestrea,1.22,0.0,0.0
gildur_vs_wiro,1.22,0.0,0.0
gildur_vs_maloch,1.22,0.22,0.1803
edras_vs_y'bneth,1.22,0.89,0.7295
dolia_vs_roxie,1.22,0.33,0.2705
azzenka_vs_rouie,1.22,1.22,1.0
chaugnar_vs_mganga,1.22,1.22,1.0
slimz_vs_toro,1.22,0.89,0.7295
azzenka_vs_zata,1.22,0.89,0.7295
iggy_vs_wiro,1.22,1.22,1.0
tulen_vs_wisp,1.22,0.0,0.0
dyadia_vs_skud,1.22,0.0,0.0
arum_vs_marja,1.22,0.89,0.7295
krizzix_vs_nakroth,1.22,1.22,1.0
omega_vs_ryoma,1.22,0.0,0.0
billow_vs_raz,1.22,0.44,0.3607
wiro_vs_wisp,1.22,0.89,0.7295
rouie_vs_yue,1.22,1.22,1.0
iggy_vs_rouie,1.22,0.33,0.2705
chaugnar_vs_qi,1.22,1.22,1.0
yan_vs_yue,1.22,0.0,0.0
aoi_vs_biron,1.22,0.33,0.2705
omega_vs_wisp,1.22,0.33,0.2705
slimz_vs_ybneth,1.22,1.22,1.0
elandorr_vs_natalya,1.21,0.66,0.5455
bolt baron_vs_florentino,1.21,0.33,0.2727
natalya_vs_yena,1.21,0.0,0.0
errol_vs_valhein,1.21,0.33,0.2727
richter_vs_yena,1.12,0.56,0.5
dyadia_vs_flowborn,1.12,0.56,0.5
flowborn_vs_volkath,1.12,0.56,0.5
flowborn_vs_natalya,1.12,1.12,1.0
richter_vs_toro,1.12,0.56,0.5
iggy_vs_krixi,1.12,1.12,1.0
richter_vs_zephys,1.12,0.0,0.0
marja_vs_roxie,1.12,0.56,0.5
eland'orr_vs_heino,1.12,0.56,0.5
baldum_vs_yena,1.12,1.12,1.0
eland'orr_vs_krixi,1.12,1.12,1.0
aoi_vs_iggy,1.11,0.0,0.0
airi_vs_xeniel,1.11,1.11,1.0
heino_vs_murad,1.11,0.22,0.1982
hayate_vs_kriknak,1.11,0.22,0.1982
natalya_vs_wisp,1.11,0.0,0.0
biron_vs_eland'orr,1.11,0.78,0.7027
ignis_vs_volkath,1.11,0.0,0.0
airi_vs_ryoma,1.11,1.11,1.0
richter_vs_yue,1.11,1.11,1.0
iggy_vs_kahlii,1.11,0.44,0.3964
iggy_vs_max,1.11,1.11,1.0
fennik_vs_y'bneth,1.11,0.0,0.0
fennik_vs_ming,1.11,0.33,0.2973
billow_vs_omega,1.11,0.0,0.0
gildur_vs_thane,1.11,0.22,0.1982
ryoma_vs_wiro,1.11,0.0,0.0
cresht_vs_gildur,1.11,0.89,0.8018
kahlii_vs_yue,1.11,0.0,0.0
enzo_vs_yan,1.11,1.11,1.0
baldum_vs_toro,1.11,1.11,1.0
butterfly_vs_marja,1.11,1.11,1.0
marja_vs_riktor,1.11,1.11,1.0
aya_vs_ryoma,1.11,0.56,0.5045
aoi_vs_elsu,1.11,0.89,0.8018
aoi_vs_ignis,1.11,1.11,1.0
riktor_vs_volkath,1.11,0.78,0.7027
omen_vs_thane,1.11,1.11,1.0
lorion_vs_yan,1.11,0.0,0.0
airi_vs_baldum,1.11,0.0,0.0
gildur_vs_taara,1.11,0.11,0.0991
aya_vs_wisp,1.1,0.33,0.3
annette_vs_aya,1.1,0.77,0.7
slimz_vs_tachi,1.1,0.33,0.3
aya_vs_lorion,1.1,0.44,0.4
aya_vs_nakroth,1.1,0.66,0.6
fennik_vs_zuka,1.1,0.22,0.2
fennik_vs_yan,1.1,0.77,0.7
chaugnar_vs_yena,1.1,1.1,1.0
krizzix_vs_ybneth,1.1,0.44,0.4
elsu_vs_heino,1.1,0.55,0.5
aya_vs_keera,1.1,0.22,0.2
natalya_vs_skud,1.1,0.33,0.3
aya_vs_yan,1.1,0.77,0.7
rouie_vs_taara,1.1,0.66,0.6
heino_vs_yena,1.1,0.11,0.1
krizzix_vs_marja,1.1,0.88,0.8
elandorr_vs_kriknak,1.1,0.44,0.4
baldum_vs_fennik,1.1,0.66,0.6
aya_vs_fennik,1.1,0.33,0.3
keera_vs_natalya,1.1,0.33,0.3
goverra_vs_rouie,1.1,0.55,0.5
airi_vs_volkath,1.0,0.0,0.0
kriknak_vs_marja,1.0,0.78,0.78
nakroth_vs_yan,1.0,1.0,1.0
goverra_vs_stuart,1.0,0.0,0.0
butterfly_vs_hayate,1.0,0.0,0.0
nakroth_vs_yena,1.0,0.89,0.89
billow_vs_tulen,1.0,1.0,1.0
tulen_vs_ybneth,1.0,0.11,0.11
azzenka_vs_teemee,1.0,0.89,0.89
dyadia_vs_qi,1.0,1.0,1.0
qi_vs_raz,1.0,0.0,0.0
baldum_vs_yan,1.0,0.56,0.56
gildur_vs_ignis,1.0,0.0,0.0
mina_vs_nakroth,1.0,0.11,0.11
florentino_vs_natalya,1.0,0.67,0.67
gildur_vs_teemee,1.0,0.67,0.67
kahlii_vs_qi,1.0,0.22,0.22
goverra_vs_tachi,1.0,0.0,0.0
elsu_vs_goverra,1.0,1.0,1.0
volkath_vs_ybneth,1.0,1.0,1.0
gildur_vs_yan,1.0,1.0,1.0
gildur_vs_zuka,1.0,0.78,0.78
florentino_vs_volkath,1.0,0.0,0.0
aya_vs_teemee,1.0,0.78,0.78
arduin_vs_toro,0.99,0.11,0.1111
telannas_vs_toro,0.99,0.33,0.3333
fennik_vs_murad,0.99,0.33,0.3333
heino_vs_ybneth,0.99,0.44,0.4444
krizzix_vs_teemee,0.99,0.66,0.6667
ming_vs_taara,0.99,0.33,0.3333
elsu_vs_riktor,0.99,0.55,0.5556
annette_vs_florentino,0.99,0.55,0.5556
errol_vs_marja,0.99,0.33,0.3333
krizzix_vs_valhein,0.99,0.99,1.0
capheny_vs_natalya,0.99,0.66,0.6667
dolia_vs_slimz,0.99,0.33,0.3333
bolt baron_vs_enzo,0.99,0.66,0.6667
natalya_vs_ybneth,0.99,0.66,0.6667
moren_vs_yue,0.99,0.33,0.3333
edras_vs_raz,0.99,0.66,0.6667
aya_vs_valhein,0.99,0.55,0.5556
moren_vs_yena,0.99,0.66,0.6667
hayate_vs_natalya,0.99,0.66,0.6667
gildur_vs_sinestrea,0.99,0.66,0.6667
aya_vs_chaugnar,0.99,0.33,0.3333
telannas_vs_wisp,0.99,0.0,0.0
aya_vs_liliana,0.99,0.0,0.0
jinnar_vs_zata,0.99,0.33,0.3333
mina_vs_moren,0.99,0.99,1.0
stuart_vs_yan,0.99,0.55,0.5556
heino_vs_toro,0.99,0.11,0.1111
murad_vs_thane,0.99,0.66,0.6667
hayate_vs_zip,0.99,0.33,0.3333
ignis_vs_telannas,0.99,0.33,0.3333
edras_vs_moren,0.99,0.33,0.3333
moren_vs_skud,0.99,0.99,1.0
elsu_vs_yue,0.99,0.33,0.3333
murad_vs_qi,0.99,0.33,0.3333
elsu_vs_nakroth,0.99,0.11,0.1111
elandorr_vs_fennik,0.99,0.33,0.3333
roxie_vs_tachi,0.99,0.66,0.6667
butterfly_vs_stuart,0.89,0.0,0.0
ilumia_vs_violet,0.89,0.0,0.0
ilumia_vs_liliana,0.89,0.0,0.0
astrid_vs_fennik,0.89,0.89,1.0
alice_vs_edras,0.89,0.89,1.0
lorion_vs_tamyn,0.89,0.0,0.0
murad_vs_tamyn,0.89,0.0,0.0
darcy_vs_thane,0.89,0.0,0.0
tamyn_vs_teemee,0.89,0.89,1.0
baldum_vs_tamyn,0.89,0.0,0.0
astrid_vs_rouie,0.89,0.89,1.0
marja_vs_tulen,0.89,0.89,1.0
cresht_vs_zuka,0.89,0.0,0.0
ilumia_vs_krizzix,0.89,0.0,0.0
bolt baron_vs_toro,0.89,0.89,1.0
chaugnar_vs_dyadia,0.89,0.89,1.0
chaugnar_vs_flowborn,0.89,0.89,1.0
darcy_vs_wisp,0.89,0.0,0.0
teemee_vs_xeniel,0.89,0.89,1.0
darcy_vs_edras,0.89,0.0,0.0
darcy_vs_iggy,0.89,0.0,0.0
edras_vs_yan,0.89,0.89,1.0
omen_vs_yan,0.89,0.89,1.0
eland'orr_vs_zanis,0.89,0.89,1.0
yue_vs_zanis,0.89,0.89,1.0
billow_vs_zanis,0.89,0.89,1.0
moren_vs_richter,0.89,0.0,0.0
biron_vs_darcy,0.89,0.89,1.0
xeniel_vs_zephys,0.89,0.0,0.0
murad_vs_sephera,0.89,0.89,1.0
max_vs_qi,0.89,0.0,0.0
max_vs_ybneth,0.89,0.0,0.0
hayate_vs_max,0.89,0.89,1.0
chaugnar_vs_skud,0.89,0.89,1.0
chaugnar_vs_sinestrea,0.89,0.89,1.0
chaugnar_vs_liliana,0.89,0.89,1.0
mina_vs_tamyn,0.89,0.0,0.0
astrid_vs_azzenka,0.89,0.0,0.0
azzenka_vs_ryoma,0.89,0.89,1.0
astrid_vs_krizzix,0.89,0.0,0.0
airi_vs_alice,0.89,0.0,0.0
liliana_vs_slimz,0.89,0.0,0.0
butterfly_vs_riktor,0.89,0.0,0.0
skud_vs_wiro,0.89,0.0,0.0
azzenka_vs_violet,0.89,0.89,1.0
arum_vs_dolia,0.89,0.0,0.0
arum_vs_zata,0.89,0.0,0.0
astrid_vs_wisp,0.89,0.89,1.0
alice_vs_dyadia,0.89,0.89,1.0
alice_vs_biron,0.89,0.89,1.0
dyadia_vs_yue,0.89,0.0,0.0
valhein_vs_yan,0.89,0.89,1.0
mganga_vs_sephera,0.89,0.89,1.0
cresht_vs_tamyn,0.89,0.89,1.0
stuart_vs_tamyn,0.89,0.89,1.0
darcy_vs_teemee,0.89,0.89,1.0
darcy_vs_violet,0.89,0.89,1.0
krizzix_vs_violet,0.89,0.89,1.0
florentino_vs_wiro,0.89,0.89,1.0
tamyn_vs_yan,0.89,0.0,0.0
darcy_vs_lorion,0.89,0.89,1.0
edras_vs_heino,0.89,0.0,0.0
astrid_vs_eland'orr,0.89,0.89,1.0
iggy_vs_ming,0.89,0.33,0.3708
thane_vs_yan,0.89,0.0,0.0
airi_vs_gildur,0.89,0.56,0.6292
astrid_vs_gildur,0.89,0.89,1.0
azzenka_vs_tachi,0.89,0.89,1.0
airi_vs_tamyn,0.89,0.89,1.0
maloch_vs_wonder woman,0.89,0.89,1.0
lorion_vs_wonder woman,0.89,0.89,1.0
butterfly_vs_murad,0.89,0.0,0.0
bolt baron_vs_iggy,0.89,0.89,1.0
bolt baron_vs_zephys,0.89,0.89,1.0
arum_vs_enzo,0.89,0.89,1.0
arum_vs_gildur,0.89,0.89,1.0
gildur_vs_yue,0.89,0.0,0.0
butterfly_vs_mina,0.89,0.0,0.0
annette_vs_butterfly,0.89,0.89,1.0
bolt baron_vs_riktor,0.89,0.89,1.0
astrid_vs_mina,0.89,0.89,1.0
wiro_vs_yue,0.89,0.0,0.0
chaugnar_vs_teemee,0.89,0.89,1.0
arum_vs_skud,0.89,0.0,0.0
azzenka_vs_wiro,0.89,0.89,1.0
elsu_vs_max,0.89,0.89,1.0
liliana_vs_max,0.89,0.89,1.0
dyadia_vs_iggy,0.89,0.0,0.0
aya_vs_gildur,0.89,0.67,0.7528
tachi_vs_wiro,0.89,0.89,1.0
alice_vs_iggy,0.89,0.0,0.0
max_vs_tachi,0.89,0.0,0.0
baldum_vs_zephys,0.89,0.11,0.1236
ming_vs_tamyn,0.89,0.89,1.0
nakroth_vs_tamyn,0.89,0.0,0.0
kahlii_vs_keera,0.89,0.0,0.0
wonder woman_vs_yena,0.89,0.0,0.0
capheny_vs_omega,0.89,0.89,1.0
omega_vs_sinestrea,0.89,0.0,0.0
capheny_vs_chaugnar,0.89,0.0,0.0
azzenka_vs_elsu,0.89,0.89,1.0
baldum_vs_zata,0.89,0.89,1.0
eland'orr_vs_gildur,0.89,0.89,1.0
max_vs_stuart,0.89,0.89,1.0
ignis_vs_max,0.89,0.0,0.0
max_vs_riktor,0.89,0.89,1.0
ata_vs_violet,0.89,0.11,0.1236
dolia_vs_max,0.89,0.89,1.0
elsu_vs_krizzix,0.89,0.89,1.0
darcy_vs_tamyn,0.89,0.89,1.0
ata_vs_billow,0.89,0.11,0.1236
heino_vs_thane,0.89,0.33,0.3708
errol_vs_qi,0.89,0.0,0.0
errol_vs_stuart,0.89,0.33,0.3708
ryoma_vs_slimz,0.89,0.33,0.3708
cresht_vs_omega,0.89,0.89,1.0
darcy_vs_ryoma,0.89,0.89,1.0
astrid_vs_taara,0.89,0.0,0.0
mganga_vs_tamyn,0.89,0.0,0.0
biron_vs_max,0.89,0.89,1.0
ata_vs_qi,0.89,0.11,0.1236
iggy_vs_slimz,0.89,0.0,0.0
airi_vs_aoi,0.89,0.0,0.0
maloch_vs_roxie,0.89,0.0,0.0
butterfly_vs_y'bneth,0.89,0.0,0.0
maloch_vs_volkath,0.89,0.0,0.0
aoi_vs_tachi,0.89,0.89,1.0
ming_vs_valhein,0.89,0.89,1.0
edras_vs_krizzix,0.89,0.0,0.0
edras_vs_tamyn,0.89,0.0,0.0
elsu_vs_roxie,0.89,0.56,0.6292
kriknak_vs_wisp,0.89,0.89,1.0
fennik_vs_roxie,0.89,0.0,0.0
ilumia_vs_riktor,0.89,0.0,0.0
dyadia_vs_hayate,0.89,0.0,0.0
alice_vs_murad,0.89,0.0,0.0
maloch_vs_ming,0.89,0.0,0.0
aya_vs_raz,0.89,0.33,0.3708
aya_vs_violet,0.89,0.0,0.0
moren_vs_thane,0.89,0.0,0.0
astrid_vs_ilumia,0.89,0.89,1.0
dyadia_vs_rouie,0.89,0.0,0.0
dyadia_vs_liliana,0.89,0.89,1.0
flowborn_vs_moren,0.89,0.89,1.0
astrid_vs_moren,0.89,0.89,1.0
biron_vs_butterfly,0.89,0.89,1.0
riktor_vs_yue,0.89,0.89,1.0
chaugnar_vs_maloch,0.89,0.89,1.0
butterfly_vs_toro,0.89,0.0,0.0
elsu_vs_maloch,0.88,0.44,0.5
krizzix_vs_rouie,0.88,0.33,0.375
ignis_vs_krizzix,0.88,0.22,0.25
elsu_vs_mina,0.88,0.44,0.5
elsu_vs_fennik,0.88,0.11,0.125
enzo_vs_krizzix,0.88,0.0,0.0
baldum_vs_valhein,0.88,0.66,0.75
raz_vs_yena,0.88,0.33,0.375
biron_vs_zephys,0.88,0.11,0.125
omen_vs_teemee,0.88,0.55,0.625
goverra_vs_ryoma,0.88,0.88,1.0
helen_vs_taara,0.88,0.55,0.625
ignis_vs_liliana,0.88,0.22,0.25
liliana_vs_natalya,0.88,0.55,0.625
mganga_vs_yena,0.88,0.77,0.875
iggy_vs_xeniel,0.88,0.33,0.375
gildur_vs_hayate,0.88,0.11,0.125
fennik_vs_florentino,0.88,0.55,0.625
billow_vs_krizzix,0.88,0.33,0.375
laville_vs_wiro,0.78,0.0,0.0
butterfly_vs_liliana,0.78,0.78,1.0
kahlii_vs_teemee,0.78,0.0,0.0
alice_vs_tel'annas,0.78,0.78,1.0
alice_vs_goverra,0.78,0.78,1.0
arthur_vs_omen,0.78,0.78,1.0
dyadia_vs_eland'orr,0.78,0.0,0.0
dyadia_vs_volkath,0.78,0.0,0.0
aoi_vs_heino,0.78,0.0,0.0
aoi_vs_volkath,0.78,0.0,0.0
butterfly_vs_tel'annas,0.78,0.78,1.0
wiro_vs_y'bneth,0.78,0.78,1.0
hayate_vs_zanis,0.78,0.0,0.0
richter_vs_thane,0.78,0.0,0.0
raz_vs_taara,0.78,0.56,0.7179
alice_vs_laville,0.78,0.78,1.0
hayate_vs_yan,0.78,0.78,1.0
ata_vs_ignis,0.78,0.0,0.0
taara_vs_yan,0.78,0.78,1.0
aoi_vs_yue,0.78,0.0,0.0
aoi_vs_tamyn,0.78,0.0,0.0
aoi_vs_murad,0.78,0.0,0.0
mina_vs_violet,0.78,0.78,1.0
dyadia_vs_thane,0.78,0.0,0.0
aoi_vs_thane,0.78,0.0,0.0
mganga_vs_zanis,0.78,0.0,0.0
sinestrea_vs_zanis,0.78,0.0,0.0
maloch_vs_omen,0.78,0.78,1.0
elsu_vs_zuka,0.78,0.0,0.0
cresht_vs_yena,0.78,0.78,1.0
laville_vs_tachi,0.78,0.0,0.0
baldum_vs_butterfly,0.78,0.78,1.0
marja_vs_wonder woman,0.78,0.0,0.0
wonder woman_vs_zephys,0.78,0.78,1.0
azzen'ka_vs_tachi,0.78,0.0,0.0
annette_vs_omega,0.78,0.78,1.0
ata_vs_toro,0.78,0.0,0.0
eland'orr_vs_omega,0.78,0.78,1.0
omega_vs_y'bneth,0.78,0.0,0.0
airi_vs_laville,0.78,0.78,1.0
flowborn_vs_ignis,0.78,0.78,1.0
kahlii_vs_stuart,0.78,0.0,0.0
eland'orr_vs_wiro,0.78,0.0,0.0
teemee_vs_wonder woman,0.78,0.0,0.0
valhein_vs_xeniel,0.78,0.78,1.0
annette_vs_xeniel,0.78,0.78,1.0
valhein_vs_y'bneth,0.78,0.11,0.141
kahlii_vs_tamyn,0.78,0.0,0.0
wonder woman_vs_yue,0.78,0.78,1.0
capheny_vs_wonder woman,0.78,0.0,0.0
alice_vs_aoi,0.78,0.78,1.0
azzen'ka_vs_mganga,0.78,0.0,0.0
maloch_vs_tamyn,0.78,0.0,0.0
azzen'ka_vs_enzo,0.78,0.0,0.0
azzen'ka_vs_violet,0.78,0.0,0.0
aoi_vs_yena,0.78,0.0,0.0
aoi_vs_mganga,0.78,0.0,0.0
butterfly_vs_maloch,0.78,0.78,1.0
omega_vs_wiro,0.78,0.0,0.0
biron_vs_zanis,0.78,0.0,0.0
annette_vs_aoi,0.78,0.78,1.0
eland'orr_vs_laville,0.78,0.78,1.0
moren_vs_violet,0.78,0.78,1.0
tachi_vs_tel'annas,0.78,0.78,1.0
annette_vs_tel'annas,0.78,0.78,1.0
tel'annas_vs_y'bneth,0.78,0.0,0.0
richter_vs_zata,0.78,0.0,0.0
airi_vs_tel'annas,0.78,0.78,1.0
airi_vs_yan,0.78,0.78,1.0
mina_vs_richter,0.78,0.0,0.0
gildur_vs_omega,0.78,0.0,0.0
maloch_vs_tel'annas,0.78,0.78,1.0
nakroth_vs_tel'annas,0.78,0.78,1.0
tel'annas_vs_zata,0.78,0.0,0.0
violet_vs_yan,0.78,0.78,1.0
flowborn_vs_yan,0.78,0.78,1.0
aoi_vs_stuart,0.78,0.0,0.0
butterfly_vs_skud,0.78,0.67,0.859
marja_vs_tel'annas,0.78,0.78,1.0
alice_vs_sinestrea,0.78,0.0,0.0
thane_vs_wonder woman,0.78,0.78,1.0
elandorr_vs_wonder woman,0.78,0.78,1.0
alice_vs_wonder woman,0.78,0.78,1.0
butterfly_vs_wonder woman,0.78,0.78,1.0
maloch_vs_yan,0.78,0.78,1.0
y'bneth_vs_yan,0.78,0.78,1.0
omega_vs_stuart,0.78,0.0,0.0
goverra_vs_mganga,0.78,0.0,0.0
astrid_vs_mganga,0.78,0.78,1.0
eland'orr_vs_omen,0.78,0.78,1.0
fennik_vs_richter,0.78,0.0,0.0
gildur_vs_omen,0.78,0.0,0.0
cresht_vs_krizzix,0.78,0.0,0.0
wiro_vs_xeniel,0.78,0.0,0.0
omen_vs_richter,0.78,0.0,0.0
butterfly_vs_omega,0.78,0.78,1.0
dyadia_vs_krizzix,0.78,0.0,0.0
butterfly_vs_omen,0.78,0.78,1.0
butterfly_vs_goverra,0.78,0.78,1.0
richter_vs_zuka,0.78,0.78,1.0
alice_vs_mganga,0.78,0.0,0.0
astrid_vs_wiro,0.78,0.78,1.0
butterfly_vs_zuka,0.78,0.78,1.0
tachi_vs_xeniel,0.78,0.0,0.0
butterfly_vs_enzo,0.78,0.78,1.0
dyadia_vs_heino,0.78,0.0,0.0
arthur_vs_krizzix,0.78,0.0,0.0
arthur_vs_violet,0.78,0.0,0.0
arthur_vs_butterfly,0.78,0.0,0.0
arthur_vs_toro,0.78,0.0,0.0
goverra_vs_richter,0.78,0.0,0.0
butterfly_vs_dyadia,0.78,0.78,1.0
sinestrea_vs_xeniel,0.78,0.78,1.0
biron_vs_dyadia,0.78,0.0,0.0
arthur_vs_taara,0.78,0.78,1.0
heino_vs_ryoma,0.78,0.0,0.0
cresht_vs_flowborn mm,0.78,0.78,1.0
elandorr_vs_flowborn mm,0.78,0.78,1.0
annette_vs_flowborn mm,0.78,0.78,1.0
billow_vs_flowborn mm,0.78,0.78,1.0
flowborn mm_vs_marja,0.78,0.0,0.0
arthur_vs_teemee,0.78,0.78,1.0
arthur_vs_flowborn mm,0.78,0.78,1.0
flowborn mm_vs_hayate,0.78,0.0,0.0
aya_vs_flowborn mm,0.78,0.78,1.0
flowborn mm_vs_sinestrea,0.78,0.0,0.0
airi_vs_flowborn mm,0.78,0.78,1.0
keera_vs_raz,0.77,0.22,0.2857
annette_vs_helen,0.77,0.44,0.5714
arduin_vs_qi,0.77,0.11,0.1429
baldum_vs_zuka,0.77,0.44,0.5714
chaugnar_vs_heino,0.77,0.77,1.0
gildur_vs_krizzix,0.77,0.0,0.0
florentino_vs_gildur,0.77,0.77,1.0
krizzix_vs_thane,0.77,0.44,0.5714
annette_vs_telannas,0.77,0.66,0.8571
rouie_vs_slimz,0.77,0.11,0.1429
hayate_vs_heino,0.77,0.55,0.7143
chaugnar_vs_valhein,0.77,0.77,1.0
aya_vs_natalya,0.77,0.33,0.4286
maloch_vs_raz,0.77,0.22,0.2857
elandorr_vs_ming,0.77,0.33,0.4286
gildur_vs_ybneth,0.77,0.66,0.8571
ignis_vs_ming,0.77,0.22,0.2857
fennik_vs_heino,0.77,0.33,0.4286
capheny_vs_goverra,0.77,0.0,0.0
heino_vs_krizzix,0.77,0.33,0.4286
maloch_vs_slimz,0.77,0.11,0.1429
keera_vs_mina,0.77,0.0,0.0
florentino_vs_maloch,0.77,0.33,0.4286
florentino_vs_marja,0.77,0.44,0.5714
elsu_vs_wiro,0.77,0.22,0.2857
florentino_vs_heino,0.77,0.0,0.0
ignis_vs_riktor,0.77,0.33,0.4286
volkath_vs_zanis,0.67,0.0,0.0
elandorr_vs_volkath,0.67,0.0,0.0
flowborn_vs_zanis,0.67,0.0,0.0
eland'orr_vs_max,0.67,0.67,1.0
alice_vs_max,0.67,0.67,1.0
capheny_vs_krixi,0.67,0.67,1.0
cresht_vs_florentino,0.67,0.0,0.0
iggy_vs_richter,0.67,0.56,0.8358
rouie_vs_zanis,0.67,0.0,0.0
dyadia_vs_tachi,0.67,0.0,0.0
dyadia_vs_yena,0.67,0.0,0.0
iggy_vs_wonder woman,0.67,0.67,1.0
toro_vs_wonder woman,0.67,0.67,1.0
butterfly_vs_max,0.67,0.67,1.0
dolia_vs_dyadia,0.67,0.67,1.0
eland'orr_vs_liliana,0.67,0.67,1.0
airi_vs_krixi,0.67,0.67,1.0
murad_vs_y'bneth,0.67,0.0,0.0
krixi_vs_volkath,0.67,0.0,0.0
kahlii_vs_toro,0.67,0.67,1.0
billow_vs_richter,0.67,0.67,1.0
kriknak_vs_qi,0.67,0.67,1.0
enzo_vs_richter,0.67,0.56,0.8358
goverra_vs_skud,0.67,0.56,0.8358
keera_vs_kriknak,0.67,0.0,0.0
gildur_vs_lorion,0.67,0.67,1.0
gildur_vs_mina,0.67,0.67,1.0
kriknak_vs_zephys,0.67,0.67,1.0
annette_vs_y'bneth,0.67,0.0,0.0
annette_vs_eland'orr,0.67,0.0,0.0
valhein_vs_volkath,0.67,0.0,0.0
gildur_vs_violet,0.67,0.67,1.0
keera_vs_slimz,0.67,0.11,0.1642
kriknak_vs_maloch,0.67,0.67,1.0
eland'orr_vs_kahlii,0.67,0.0,0.0
krixi_vs_lorion,0.67,0.0,0.0
omen_vs_yue,0.66,0.33,0.5
dyadia_vs_marja,0.66,0.33,0.5
raz_vs_zuka,0.66,0.22,0.3333
aya_vs_mina,0.66,0.33,0.5
omen_vs_tachi,0.66,0.33,0.5
maloch_vs_moren,0.66,0.33,0.5
natalya_vs_tachi,0.66,0.33,0.5
errol_vs_iggy,0.66,0.33,0.5
errol_vs_keera,0.66,0.0,0.0
baldum_vs_wisp,0.66,0.33,0.5
murad_vs_volkath,0.66,0.33,0.5
yue_vs_zip,0.66,0.0,0.0
krizzix_vs_riktor,0.66,0.11,0.1667
heino_vs_rouie,0.66,0.0,0.0
elandorr_vs_telannas,0.66,0.33,0.5
krizzix_vs_zephys,0.66,0.33,0.5
errol_vs_zephys,0.66,0.66,1.0
aoi_vs_rouie,0.66,0.66,1.0
aoi_vs_fennik,0.66,0.66,1.0
edras_vs_nakroth,0.66,0.66,1.0
krizzix_vs_moren,0.66,0.33,0.5
edras_vs_roxie,0.66,0.33,0.5
annette_vs_errol,0.66,0.33,0.5
skud_vs_yan,0.66,0.66,1.0
goverra_vs_hayate,0.66,0.44,0.6667
chaugnar_vs_fennik,0.66,0.66,1.0
krizzix_vs_natalya,0.66,0.33,0.5
raz_vs_stuart,0.66,0.55,0.8333
erin_vs_lorion,0.66,0.0,0.0
aya_vs_volkath,0.66,0.66,1.0
keera_vs_yan,0.66,0.0,0.0
iggy_vs_telannas,0.66,0.66,1.0
omen_vs_ybneth,0.66,0.33,0.5
fennik_vs_slimz,0.66,0.0,0.0
jinnar_vs_valhein,0.66,0.33,0.5
elsu_vs_tulen,0.66,0.66,1.0
erin_vs_volkath,0.66,0.0,0.0
marja_vs_telannas,0.66,0.66,1.0
yan_vs_yena,0.66,0.0,0.0
moren_vs_qi,0.66,0.33,0.5
violet_vs_xeniel,0.66,0.33,0.5
dolia_vs_zuka,0.66,0.33,0.5
mganga_vs_raz,0.66,0.33,0.5
florentino_vs_thane,0.66,0.66,1.0
elandorr_vs_sephera,0.66,0.33,0.5
aya_vs_zuka,0.66,0.66,1.0
telannas_vs_zephys,0.66,0.33,0.5
heino_vs_zata,0.66,0.33,0.5
moren_vs_valhein,0.66,0.66,1.0
keera_vs_omen,0.66,0.0,0.0
erin_vs_qi,0.66,0.33,0.5
fennik_vs_raz,0.66,0.33,0.5
tachi_vs_tulen,0.66,0.33,0.5
aoi_vs_marja,0.66,0.66,1.0
errol_vs_teemee,0.66,0.0,0.0
aya_vs_florentino,0.66,0.66,1.0
kriknak_vs_valhein,0.66,0.44,0.6667
hayate_vs_telannas,0.66,0.33,0.5
marja_vs_omen,0.66,0.33,0.5
keera_vs_telannas,0.66,0.33,0.5
edras_vs_slimz,0.66,0.0,0.0
moren_vs_zuka,0.66,0.0,0.0
keera_vs_wiro,0.66,0.33,0.5
bolt baron_vs_sinestrea,0.66,0.0,0.0
gildur_vs_zephys,0.66,0.33,0.5
moren_vs_rouie,0.66,0.0,0.0
gildur_vs_mganga,0.66,0.33,0.5
elandorr_vs_yue,0.66,0.0,0.0
zata_vs_zuka,0.66,0.33,0.5
billow_vs_bolt baron,0.66,0.0,0.0
qi_vs_roxie,0.66,0.0,0.0
teemee_vs_volkath,0.66,0.33,0.5
baldum_vs_murad,0.66,0.0,0.0
ignis_vs_moren,0.66,0.33,0.5
rouie_vs_telannas,0.66,0.33,0.5
baldum_vs_stuart,0.66,0.66,1.0
toro_vs_tulen,0.66,0.66,1.0
annette_vs_moren,0.66,0.33,0.5
krixi_vs_yena,0.56,0.0,0.0
murad_vs_richter,0.56,0.0,0.0
edras_vs_zuka,0.56,0.56,1.0
goverra_vs_iggy,0.56,0.56,1.0
krixi_vs_zuka,0.56,0.0,0.0
ming_vs_nakroth,0.56,0.56,1.0
ming_vs_skud,0.56,0.56,1.0
krixi_vs_teemee,0.56,0.0,0.0
aoi_vs_skud,0.56,0.56,1.0
azzen'ka_vs_hayate,0.56,0.56,1.0
azzen'ka_vs_volkath,0.56,0.56,1.0
richter_vs_wisp,0.56,0.56,1.0
richter_vs_rouie,0.56,0.56,1.0
florentino_vs_richter,0.56,0.56,1.0
eland'orr_vs_slimz,0.56,0.0,0.0
keera_vs_richter,0.56,0.0,0.0
aya_vs_roxie,0.56,0.56,1.0
flowborn_vs_raz,0.56,0.0,0.0
chaugnar_vs_kriknak,0.56,0.0,0.0
chaugnar_vs_richter,0.56,0.0,0.0
cresht_vs_heino,0.56,0.0,0.0
dyadia_vs_goverra,0.56,0.0,0.0
azzen'ka_vs_teemee,0.56,0.0,0.0
flowborn_vs_gildur,0.56,0.56,1.0
aya_vs_dyadia,0.56,0.0,0.0
krixi_vs_richter,0.56,0.0,0.0
krixi_vs_tachi,0.56,0.0,0.0
dyadia_vs_valhein,0.56,0.0,0.0
toro_vs_xeniel,0.56,0.56,1.0
azzen'ka_vs_qi,0.56,0.0,0.0
azzen'ka_vs_rouie,0.56,0.0,0.0
azzen'ka_vs_zephys,0.56,0.0,0.0
azzen'ka_vs_flowborn,0.56,0.0,0.0
astrid_vs_volkath,0.56,0.56,1.0
astrid_vs_richter,0.56,0.56,1.0
aoi_vs_dyadia,0.56,0.56,1.0
dyadia_vs_y'bneth,0.56,0.0,0.0
azzen'ka_vs_billow,0.56,0.56,1.0
azzen'ka_vs_zata,0.56,0.56,1.0
aoi_vs_natalya,0.56,0.56,1.0
flowborn_vs_max,0.56,0.0,0.0
errol_vs_zata,0.56,0.0,0.0
dolia_vs_errol,0.56,0.56,1.0
errol_vs_max,0.56,0.0,0.0
gildur_vs_y'bneth,0.56,0.56,1.0
max_vs_rouie,0.56,0.56,1.0
billow_vs_roxie,0.56,0.56,1.0
lorion_vs_richter,0.56,0.56,1.0
richter_vs_tel'annas,0.56,0.0,0.0
mganga_vs_tel'annas,0.56,0.0,0.0
flowborn_vs_omen,0.56,0.0,0.0
astrid_vs_tel'annas,0.56,0.0,0.0
dyadia_vs_omen,0.56,0.0,0.0
liliana_vs_yan,0.56,0.56,1.0
keera_vs_roxie,0.56,0.0,0.0
gildur_vs_qi,0.56,0.56,1.0
chaugnar_vs_gildur,0.56,0.0,0.0
aya_vs_flowborn,0.56,0.56,1.0
aya_vs_butterfly,0.56,0.0,0.0
arduin_vs_hayate,0.55,0.33,0.6
elsu_vs_valhein,0.55,0.22,0.4
baldum_vs_iggy,0.55,0.55,1.0
ignis_vs_xeniel,0.55,0.0,0.0
elsu_vs_xeniel,0.55,0.0,0.0
kahlii_vs_zephys,0.55,0.0,0.0
aya_vs_murad,0.55,0.33,0.6
raz_vs_ybneth,0.55,0.22,0.4
iggy_vs_raz,0.55,0.33,0.6
omen_vs_ryoma,0.55,0.22,0.4
arduin_vs_ryoma,0.55,0.22,0.4
annette_vs_thorne,0.55,0.55,1.0
dolia_vs_ming,0.55,0.55,1.0
aya_vs_helen,0.55,0.0,0.0
iggy_vs_yan,0.55,0.0,0.0
billow_vs_jinnar,0.55,0.22,0.4
jinnar_vs_lorion,0.55,0.33,0.6
ignis_vs_raz,0.55,0.0,0.0
biron_vs_jinnar,0.55,0.22,0.4
ybneth_vs_zuka,0.55,0.55,1.0
raz_vs_toro,0.55,0.55,1.0
gildur_vs_heino,0.55,0.0,0.0
maloch_vs_zephys,0.55,0.33,0.6
biron_vs_omen,0.55,0.33,0.6
keera_vs_xeniel,0.55,0.33,0.6
xeniel_vs_ybneth,0.55,0.22,0.4
bolt baron_vs_mganga,0.55,0.0,0.0
dolia_vs_heino,0.55,0.55,1.0
aya_vs_yena,0.55,0.0,0.0
marja_vs_yan,0.55,0.55,1.0
eland'orr_vs_zuka,0.55,0.33,0.6
goverra_vs_maloch,0.55,0.0,0.0
aoi_vs_teemee,0.55,0.55,1.0
stuart_vs_xeniel,0.55,0.33,0.6
bolt baron_vs_yena,0.55,0.0,0.0
annette_vs_kriknak,0.55,0.11,0.2
elsu_vs_kahlii,0.55,0.55,1.0
kahlii_vs_taara,0.55,0.22,0.4
bolt baron_vs_keera,0.44,0.0,0.0
elsu_vs_omen,0.44,0.22,0.5
heino_vs_wisp,0.44,0.22,0.5
marja_vs_ming,0.44,0.44,1.0
kriknak_vs_tachi,0.44,0.22,0.5
biron_vs_natalya,0.44,0.22,0.5
elsu_vs_ignis,0.44,0.11,0.25
aya_vs_krizzix,0.44,0.11,0.25
elsu_vs_helen,0.44,0.11,0.25
heino_vs_mina,0.44,0.44,1.0
aya_vs_enzo,0.44,0.0,0.0
azzenka_vs_elandorr,0.44,0.33,0.75
mina_vs_raz,0.44,0.44,1.0
goverra_vs_teemee,0.44,0.44,1.0
stuart_vs_zip,0.44,0.44,1.0
goverra_vs_raz,0.44,0.44,1.0
goverra_vs_zephys,0.44,0.44,1.0
marja_vs_slimz,0.44,0.11,0.25
nakroth_vs_telannas,0.44,0.33,0.75
hayate_vs_ilumia,0.44,0.0,0.0
annette_vs_ilumia,0.44,0.0,0.0
ilumia_vs_sinestrea,0.44,0.44,1.0
ilumia_vs_marja,0.44,0.44,1.0
aya_vs_biron,0.44,0.44,1.0
elsu_vs_murad,0.44,0.0,0.0
aya_vs_ming,0.44,0.0,0.0
baldum_vs_dyadia,0.44,0.0,0.0
qi_vs_yan,0.44,0.0,0.0
airi_vs_heino,0.44,0.33,0.75
heino_vs_skud,0.44,0.44,1.0
ming_vs_tachi,0.44,0.22,0.5
krizzix_vs_zuka,0.44,0.0,0.0
ilumia_vs_teemee,0.44,0.44,1.0
hayate_vs_thorne,0.44,0.0,0.0
gildur_vs_thorne,0.44,0.0,0.0
tachi_vs_thorne,0.44,0.0,0.0
thorne_vs_yena,0.44,0.44,1.0
ryoma_vs_volkath,0.44,0.44,1.0
chaugnar_vs_thane,0.44,0.44,1.0
heino_vs_sinestrea,0.44,0.0,0.0
liliana_vs_nakroth,0.44,0.0,0.0
richter_vs_taara,0.44,0.44,1.0
goverra_vs_mina,0.44,0.44,1.0
florentino_vs_mina,0.44,0.44,1.0
goverra_vs_liliana,0.44,0.44,1.0
azzenka_vs_stuart,0.44,0.0,0.0
arduin_vs_elandorr,0.44,0.11,0.25
capheny_vs_telannas,0.44,0.0,0.0
dyadia_vs_grakk,0.44,0.0,0.0
fennik_vs_grakk,0.44,0.0,0.0
grakk_vs_mganga,0.44,0.44,1.0
elandorr_vs_grakk,0.44,0.0,0.0
biron_vs_grakk,0.44,0.0,0.0
dyadia_vs_lorion,0.44,0.0,0.0
thorne_vs_ybneth,0.44,0.44,1.0
florentino_vs_yan,0.44,0.0,0.0
baldum_vs_florentino,0.44,0.44,1.0
heino_vs_violet,0.44,0.44,1.0
iggy_vs_kriknak,0.44,0.33,0.75
mganga_vs_yan,0.44,0.22,0.5
qi_vs_telannas,0.44,0.0,0.0
sinestrea_vs_thorne,0.44,0.44,1.0
mina_vs_natalya,0.33,0.22,0.6667
azzenka_vs_mganga,0.33,0.22,0.6667
elandorr_vs_helen,0.33,0.11,0.3333
heino_vs_kahlii,0.33,0.11,0.3333
mganga_vs_y'bneth,0.33,0.0,0.0
gildur_vs_riktor,0.33,0.33,1.0
billow_vs_heino,0.33,0.0,0.0
arduin_vs_enzo,0.33,0.11,0.3333
arduin_vs_zephys,0.33,0.11,0.3333
arduin_vs_skud,0.33,0.11,0.3333
gildur_vs_goverra,0.33,0.33,1.0
goverra_vs_keera,0.33,0.0,0.0
enzo_vs_riktor,0.33,0.11,0.3333
aya_vs_yue,0.33,0.33,1.0
murad_vs_veres,0.33,0.33,1.0
erin_vs_toro,0.33,0.0,0.0
elandorr_vs_erin,0.33,0.33,1.0
airi_vs_erin,0.33,0.33,1.0
annette_vs_tulen,0.33,0.33,1.0
tulen_vs_zephys,0.33,0.0,0.0
florentino_vs_tulen,0.33,0.33,1.0
jinnar_vs_nakroth,0.33,0.0,0.0
jinnar_vs_ryoma,0.33,0.0,0.0
toro_vs_zip,0.33,0.33,1.0
goverra_vs_zip,0.33,0.33,1.0
zip_vs_zuka,0.33,0.0,0.0
murad_vs_zip,0.33,0.33,1.0
goverra_vs_taara,0.33,0.33,1.0
chaugnar_vs_telannas,0.33,0.0,0.0
telannas_vs_valhein,0.33,0.33,1.0
chaugnar_vs_roxie,0.33,0.0,0.0
roxie_vs_valhein,0.33,0.33,1.0
ignis_vs_roxie,0.33,0.0,0.0
roxie_vs_zephys,0.33,0.33,1.0
lorion_vs_moren,0.33,0.33,1.0
chaugnar_vs_violet,0.33,0.33,1.0
chaugnar_vs_zata,0.33,0.33,1.0
azzenka_vs_krizzix,0.33,0.0,0.0
azzenka_vs_qi,0.33,0.0,0.0
helen_vs_krizzix,0.33,0.0,0.0
fennik_vs_helen,0.33,0.33,1.0
helen_vs_marja,0.33,0.0,0.0
cresht_vs_zanis,0.33,0.33,1.0
wisp_vs_zanis,0.33,0.33,1.0
iggy_vs_zanis,0.33,0.33,1.0
taara_vs_zanis,0.33,0.33,1.0
mina_vs_zanis,0.33,0.33,1.0
elsu_vs_natalya,0.33,0.0,0.0
arduin_vs_telannas,0.33,0.0,0.0
arduin_vs_lorion,0.33,0.0,0.0
edras_vs_telannas,0.33,0.0,0.0
mina_vs_telannas,0.33,0.0,0.0
jinnar_vs_mina,0.33,0.0,0.0
telannas_vs_thane,0.33,0.33,1.0
airi_vs_telannas,0.33,0.0,0.0
omen_vs_slimz,0.33,0.0,0.0
florentino_vs_omen,0.33,0.33,1.0
sephera_vs_teemee,0.33,0.0,0.0
lorion_vs_sephera,0.33,0.33,1.0
chaugnar_vs_keera,0.33,0.33,1.0
moren_vs_volkath,0.33,0.33,1.0
elsu_vs_telannas,0.33,0.33,1.0
elandorr_vs_tulen,0.33,0.33,1.0
telannas_vs_yena,0.33,0.0,0.0
tulen_vs_yena,0.33,0.0,0.0
natalya_vs_sephera,0.33,0.0,0.0
keera_vs_sephera,0.33,0.0,0.0
omen_vs_sephera,0.33,0.0,0.0
riktor_vs_sephera,0.33,0.33,1.0
bolt baron_vs_xeniel,0.33,0.0,0.0
bolt baron_vs_liliana,0.33,0.0,0.0
aya_vs_moren,0.33,0.33,1.0
thane_vs_volkath,0.33,0.0,0.0
baldum_vs_jinnar,0.33,0.33,1.0
jinnar_vs_marja,0.33,0.0,0.0
jinnar_vs_sinestrea,0.33,0.0,0.0
florentino_vs_jinnar,0.33,0.33,1.0
baldum_vs_heino,0.33,0.0,0.0
moren_vs_nakroth,0.33,0.33,1.0
cresht_vs_kriknak,0.33,0.0,0.0
kriknak_vs_ryoma,0.33,0.33,1.0
liliana_vs_moren,0.33,0.33,1.0
moren_vs_riktor,0.33,0.0,0.0
murad_vs_zuka,0.33,0.0,0.0
baldum_vs_raz,0.33,0.0,0.0
elsu_vs_moren,0.33,0.0,0.0
dolia_vs_omega,0.33,0.33,1.0
dolia_vs_kahlii,0.33,0.33,1.0
moren_vs_omega,0.33,0.33,1.0
kahlii_vs_moren,0.33,0.0,0.0
keera_vs_moren,0.33,0.0,0.0
omega_vs_yue,0.33,0.0,0.0
omega_vs_zephys,0.33,0.0,0.0
omega_vs_zanis,0.33,0.0,0.0
stuart_vs_zanis,0.33,0.0,0.0
kahlii_vs_zanis,0.33,0.0,0.0
dolia_vs_natalya,0.33,0.33,1.0
murad_vs_telannas,0.33,0.33,1.0
biron_vs_telannas,0.33,0.33,1.0
enzo_vs_xeniel,0.33,0.0,0.0
billow_vs_xeniel,0.33,0.0,0.0
florentino_vs_slimz,0.33,0.0,0.0
krizzix_vs_wisp,0.33,0.33,1.0
slimz_vs_zephys,0.33,0.33,1.0
keera_vs_zanis,0.33,0.0,0.0
billow_vs_telannas,0.33,0.33,1.0
ryoma_vs_telannas,0.33,0.33,1.0
omen_vs_valhein,0.33,0.33,1.0
heino_vs_omen,0.33,0.0,0.0
airi_vs_mina,0.33,0.33,1.0
jinnar_vs_toro,0.33,0.33,1.0
enzo_vs_jinnar,0.33,0.0,0.0
omega_vs_rouie,0.33,0.33,1.0
murad_vs_natalya,0.33,0.0,0.0
omen_vs_volkath,0.33,0.33,1.0
chaugnar_vs_ryoma,0.33,0.33,1.0
omen_vs_tulen,0.33,0.33,1.0
florentino_vs_kriknak,0.33,0.0,0.0
cresht_vs_errol,0.33,0.0,0.0
gildur_vs_zata,0.33,0.0,0.0
bolt baron_vs_moren,0.33,0.33,1.0
bolt baron_vs_ignis,0.33,0.33,1.0
moren_vs_xeniel,0.33,0.33,1.0
biron_vs_xeniel,0.33,0.33,1.0
teemee_vs_tulen,0.33,0.0,0.0
fennik_vs_tulen,0.33,0.0,0.0
riktor_vs_telannas,0.33,0.33,1.0
annette_vs_baldum,0.33,0.33,1.0
sephera_vs_thane,0.33,0.0,0.0
fennik_vs_sephera,0.33,0.33,1.0
ignis_vs_sephera,0.33,0.33,1.0
sephera_vs_taara,0.33,0.0,0.0
elsu_vs_slimz,0.33,0.0,0.0
erin_vs_zephys,0.33,0.33,1.0
eland'orr_vs_moren,0.33,0.33,1.0
aoi_vs_moren,0.33,0.33,1.0
aoi_vs_zata,0.33,0.33,1.0
airi_vs_tulen,0.33,0.0,0.0
aya_vs_heino,0.33,0.33,1.0
moren_vs_wiro,0.33,0.33,1.0
florentino_vs_moren,0.33,0.0,0.0
goverra_vs_qi,0.33,0.0,0.0
edras_vs_goverra,0.33,0.0,0.0
airi_vs_moren,0.33,0.33,1.0
aoi_vs_liliana,0.33,0.33,1.0
xeniel_vs_zata,0.33,0.0,0.0
kriknak_vs_xeniel,0.33,0.33,1.0
kriknak_vs_liliana,0.33,0.33,1.0
florentino_vs_zata,0.33,0.0,0.0
errol_vs_taara,0.33,0.0,0.0
lubu_vs_teemee,0.33,0.0,0.0
lubu_vs_stuart,0.33,0.0,0.0
lorion_vs_lubu,0.33,0.33,1.0
billow_vs_lubu,0.33,0.33,1.0
florentino_vs_lubu,0.33,0.33,1.0
fennik_vs_telannas,0.33,0.0,0.0
mganga_vs_telannas,0.33,0.0,0.0
florentino_vs_telannas,0.33,0.0,0.0
edras_vs_xeniel,0.33,0.0,0.0
ryoma_vs_xeniel,0.33,0.0,0.0
aya_vs_elsu,0.33,0.33,1.0
rouie_vs_volkath,0.33,0.0,0.0
erin_vs_taara,0.33,0.33,1.0
erin_vs_hayate,0.33,0.33,1.0
erin_vs_ignis,0.33,0.33,1.0
aya_vs_slimz,0.33,0.33,1.0
airi_vs_slimz,0.33,0.33,1.0
wukong_vs_ybneth,0.33,0.33,1.0
capheny_vs_wukong,0.33,0.0,0.0
iggy_vs_wukong,0.33,0.0,0.0
edras_vs_wukong,0.33,0.0,0.0
airi_vs_wukong,0.33,0.0,0.0
bolt baron_vs_lorion,0.33,0.33,1.0
biron_vs_bolt baron,0.33,0.0,0.0
butterfly_vs_yan,0.33,0.33,1.0
krizzix_vs_raz,0.33,0.33,1.0
liliana_vs_raz,0.33,0.33,1.0
elsu_vs_volkath,0.33,0.0,0.0
erin_vs_teemee,0.33,0.0,0.0
erin_vs_wisp,0.33,0.0,0.0
errol_vs_volkath,0.33,0.0,0.0
helen_vs_thane,0.33,0.33,1.0
helen_vs_keera,0.33,0.33,1.0
helen_vs_yena,0.33,0.33,1.0
liliana_vs_sephera,0.33,0.0,0.0
qi_vs_sephera,0.33,0.0,0.0
edras_vs_volkath,0.33,0.0,0.0
heino_vs_qi,0.33,0.33,1.0
errol_vs_ybneth,0.33,0.0,0.0
errol_vs_yue,0.33,0.0,0.0
errol_vs_tachi,0.33,0.0,0.0
bolt baron_vs_dolia,0.33,0.0,0.0
bolt baron_vs_zata,0.33,0.0,0.0
bolt baron_vs_tachi,0.33,0.0,0.0
errol_vs_moren,0.33,0.0,0.0
errol_vs_ignis,0.33,0.0,0.0
slimz_vs_stuart,0.33,0.0,0.0
moren_vs_zephys,0.33,0.0,0.0
moren_vs_ryoma,0.33,0.0,0.0
lubu_vs_toro,0.33,0.33,1.0
lubu_vs_wisp,0.33,0.33,1.0
lubu_vs_yue,0.33,0.33,1.0
lubu_vs_volkath,0.33,0.33,1.0
roxie_vs_stuart,0.33,0.0,0.0
moren_vs_roxie,0.33,0.0,0.0
liliana_vs_roxie,0.33,0.0,0.0
bright_vs_thane,0.33,0.33,1.0
bright_vs_hayate,0.33,0.33,1.0
lorion_vs_roxie,0.33,0.33,1.0
lubu_vs_roxie,0.33,0.33,1.0
natalya_vs_slimz,0.33,0.0,0.0
natalya_vs_zata,0.33,0.0,0.0
moren_vs_murad,0.33,0.0,0.0
riktor_vs_zuka,0.33,0.0,0.0
raz_vs_valhein,0.33,0.0,0.0
raz_vs_ryoma,0.33,0.0,0.0
errol_vs_toro,0.33,0.33,1.0
murad_vs_roxie,0.33,0.0,0.0
krizzix_vs_ming,0.33,0.33,1.0
krizzix_vs_zata,0.33,0.0,0.0
bright_vs_ignis,0.33,0.33,1.0
bright_vs_nakroth,0.33,0.33,1.0
biron_vs_bright,0.33,0.0,0.0
baldum_vs_elsu,0.33,0.0,0.0
natalya_vs_roxie,0.33,0.0,0.0
natalya_vs_sinestrea,0.33,0.0,0.0
riktor_vs_yan,0.33,0.33,1.0
murad_vs_omega,0.33,0.0,0.0
murad_vs_riktor,0.33,0.0,0.0
dyadia_vs_zip,0.33,0.33,1.0
iggy_vs_zip,0.33,0.33,1.0
butterfly_vs_zip,0.33,0.33,1.0
biron_vs_zip,0.33,0.33,1.0
dyadia_vs_mganga,0.33,0.33,1.0
arduin_vs_wisp,0.33,0.0,0.0
arduin_vs_azzenka,0.33,0.0,0.0
airi_vs_errol,0.33,0.0,0.0
azzenka_vs_capheny,0.33,0.33,1.0
azzenka_vs_maloch,0.33,0.33,1.0
slimz_vs_violet,0.33,0.0,0.0
raz_vs_slimz,0.33,0.33,1.0
raz_vs_zata,0.33,0.33,1.0
riktor_vs_roxie,0.33,0.0,0.0
riktor_vs_slimz,0.33,0.0,0.0
omega_vs_yan,0.33,0.33,1.0
sinestrea_vs_wukong,0.33,0.0,0.0
qi_vs_wukong,0.33,0.0,0.0
ming_vs_qi,0.33,0.33,1.0
aoi_vs_ybneth,0.33,0.0,0.0
aoi_vs_gildur,0.33,0.0,0.0
helen_vs_stuart,0.33,0.33,1.0
errol_vs_helen,0.33,0.0,0.0
capheny_vs_errol,0.33,0.33,1.0
biron_vs_helen,0.33,0.0,0.0
mganga_vs_ming,0.33,0.33,1.0
edras_vs_ming,0.33,0.33,1.0
thorne_vs_volkath,0.33,0.0,0.0
thorne_vs_violet,0.33,0.0,0.0
nakroth_vs_thorne,0.33,0.33,1.0
riktor_vs_thorne,0.33,0.33,1.0
baldum_vs_moren,0.33,0.33,1.0
murad_vs_raz,0.33,0.33,1.0
aya_vs_bijan,0.33,0.33,1.0
bijan_vs_wisp,0.33,0.0,0.0
bijan_vs_mganga,0.33,0.0,0.0
bijan_vs_billow,0.33,0.0,0.0
bijan_vs_murad,0.33,0.0,0.0
thane_vs_veres,0.33,0.33,1.0
capheny_vs_veres,0.33,0.33,1.0
annette_vs_veres,0.33,0.33,1.0
tachi_vs_veres,0.33,0.33,1.0
arum_vs_taara,0.33,0.0,0.0
arum_vs_fennik,0.33,0.0,0.0
arum_vs_liliana,0.33,0.0,0.0
arum_vs_wukong,0.33,0.0,0.0
hayate_vs_wukong,0.33,0.0,0.0
wukong_vs_yue,0.33,0.33,1.0
ryoma_vs_zip,0.33,0.0,0.0
telannas_vs_violet,0.33,0.0,0.0
capheny_vs_roxie,0.33,0.33,1.0
rouie_vs_roxie,0.33,0.33,1.0
edras_vs_natalya,0.33,0.33,1.0
roxie_vs_yena,0.33,0.0,0.0
baldum_vs_gildur,0.33,0.0,0.0
raz_vs_tachi,0.33,0.33,1.0
teemee_vs_zip,0.33,0.0,0.0
billow_vs_zip,0.33,0.0,0.0
qi_vs_zip,0.33,0.0,0.0
volkath_vs_yue,0.33,0.0,0.0
alice_vs_jinnar,0.33,0.0,0.0
alice_vs_keera,0.33,0.0,0.0
jinnar_vs_stuart,0.33,0.33,1.0
airi_vs_jinnar,0.33,0.0,0.0
ming_vs_toro,0.33,0.33,1.0
bijan_vs_wiro,0.33,0.33,1.0
bijan_vs_valhein,0.33,0.33,1.0
bijan_vs_yue,0.33,0.33,1.0
bijan_vs_tachi,0.33,0.33,1.0
bijan_vs_yena,0.33,0.33,1.0
charlotte_vs_ybneth,0.33,0.0,0.0
charlotte_vs_hayate,0.33,0.0,0.0
charlotte_vs_lorion,0.33,0.0,0.0
aoi_vs_charlotte,0.33,0.33,1.0
charlotte_vs_skud,0.33,0.0,0.0
mina_vs_volkath,0.33,0.33,1.0
ybneth_vs_zip,0.33,0.0,0.0
keera_vs_zip,0.33,0.0,0.0
natalya_vs_teemee,0.33,0.11,0.3333
charlotte_vs_riktor,0.22,0.0,0.0
krizzix_vs_wonderwoman,0.22,0.0,0.0
charlotte_vs_kriknak,0.22,0.0,0.0
capheny_vs_wonderwoman,0.22,0.0,0.0
mganga_vs_wonderwoman,0.22,0.0,0.0
richter_vs_stuart,0.22,0.11,0.5
marja_vs_richter,0.22,0.0,0.0
eland'orr_vs_natalya,0.22,0.11,0.5
aoi_vs_riktor,0.22,0.0,0.0
aoi_vs_zephys,0.22,0.0,0.0
eland'orr_vs_veres,0.22,0.0,0.0
heino_vs_veres,0.22,0.0,0.0
fennik_vs_veres,0.22,0.0,0.0
enzo_vs_veres,0.22,0.0,0.0
heino_vs_zuka,0.22,0.0,0.0
eland'orr_vs_krizzix,0.22,0.0,0.0
florentino_vs_krizzix,0.22,0.22,1.0
riktor_vs_wonderwoman,0.22,0.0,0.0
keera_vs_wonderwoman,0.22,0.0,0.0
kriknak_vs_stuart,0.22,0.11,0.5
grakk_vs_stuart,0.22,0.0,0.0
ming_vs_ybneth,0.22,0.22,1.0
mina_vs_veres,0.22,0.0,0.0
annette_vs_natalya,0.22,0.22,1.0
kriknak_vs_teemee,0.22,0.0,0.0
kriknak_vs_lorion,0.22,0.0,0.0
cresht_vs_elsu,0.22,0.0,0.0
arduin_vs_fennik,0.22,0.0,0.0
arduin_vs_iggy,0.22,0.0,0.0
elandorr_vs_raz,0.22,0.0,0.0
goverra_vs_toro,0.22,0.0,0.0
goverra_vs_yena,0.22,0.0,0.0
ming_vs_teemee,0.22,0.0,0.0
hayate_vs_ming,0.22,0.22,1.0
ming_vs_zephys,0.22,0.0,0.0
charlotte_vs_thane,0.22,0.0,0.0
charlotte_vs_valhein,0.22,0.0,0.0
charlotte_vs_iggy,0.22,0.0,0.0
kriknak_vs_toro,0.22,0.22,1.0
kriknak_vs_mganga,0.22,0.22,1.0
ilumia_vs_qi,0.22,0.22,1.0
ilumia_vs_tachi,0.22,0.22,1.0
kahlii_vs_riktor,0.22,0.0,0.0
omen_vs_riktor,0.22,0.0,0.0
ilumia_vs_raz,0.22,0.22,1.0
elsu_vs_ilumia,0.22,0.0,0.0
veres_vs_wonderwoman,0.22,0.22,1.0
maloch_vs_veres,0.22,0.0,0.0
yan_vs_ybneth,0.22,0.22,1.0
elsu_vs_yan,0.22,0.0,0.0
helen_vs_tachi,0.22,0.22,1.0
helen_vs_omen,0.22,0.22,1.0
gildur_vs_valhein,0.22,0.22,1.0
arduin_vs_heino,0.22,0.0,0.0
arduin_vs_billow,0.22,0.0,0.0
arduin_vs_biron,0.22,0.0,0.0
heino_vs_iggy,0.22,0.22,1.0
heino_vs_nakroth,0.22,0.22,1.0
heino_vs_taara,0.22,0.22,1.0
capheny_vs_yan,0.22,0.0,0.0
baldum_vs_natalya,0.22,0.22,1.0
bolt baron_vs_ybneth,0.22,0.0,0.0
elsu_vs_ming,0.22,0.22,1.0
kahlii_vs_ming,0.22,0.22,1.0
capheny_vs_kahlii,0.22,0.0,0.0
jinnar_vs_thane,0.22,0.0,0.0
elandorr_vs_jinnar,0.22,0.22,1.0
baldum_vs_taara,0.22,0.22,1.0
enzo_vs_max,0.22,0.22,1.0
fennik_vs_max,0.22,0.22,1.0
max_vs_toro,0.22,0.0,0.0
ilumia_vs_thane,0.22,0.22,1.0
mina_vs_omen,0.22,0.22,1.0
thorne_vs_toro,0.22,0.0,0.0
capheny_vs_thorne,0.22,0.22,1.0
arduin_vs_thane,0.22,0.22,1.0
slimz_vs_yan,0.22,0.0,0.0
slimz_vs_valhein,0.22,0.0,0.0
florentino_vs_thorne,0.22,0.22,1.0
ignis_vs_thorne,0.22,0.22,1.0
enzo_vs_slimz,0.22,0.22,1.0
bolt baron_vs_rouie,0.22,0.0,0.0
bolt baron_vs_wisp,0.22,0.0,0.0
bolt baron_vs_wiro,0.22,0.0,0.0
xeniel_vs_yan,0.22,0.22,1.0
slimz_vs_taara,0.22,0.0,0.0
capheny_vs_slimz,0.22,0.22,1.0
mganga_vs_slimz,0.22,0.22,1.0
tachi_vs_zuka,0.22,0.0,0.0
arduin_vs_tachi,0.22,0.22,1.0
arduin_vs_ignis,0.22,0.22,1.0
errol_vs_xeniel,0.22,0.0,0.0
errol_vs_raz,0.22,0.0,0.0
billow_vs_errol,0.22,0.22,1.0
errol_vs_skud,0.22,0.0,0.0
heino_vs_raz,0.22,0.0,0.0
baldum_vs_maloch,0.22,0.22,1.0
gildur_vs_murad,0.22,0.0,0.0
rouie_vs_veres,0.22,0.0,0.0
thorne_vs_veres,0.22,0.0,0.0
veres_vs_ybneth,0.22,0.22,1.0
sinestrea_vs_wonderwoman,0.22,0.22,1.0
annette_vs_wonderwoman,0.22,0.22,1.0
wisp_vs_wonderwoman,0.22,0.22,1.0
keera_vs_zill,0.22,0.0,0.0
marja_vs_zill,0.22,0.0,0.0
taara_vs_teeri,0.22,0.22,1.0
elsu_vs_teeri,0.22,0.22,1.0
gildur_vs_teeri,0.22,0.22,1.0
teeri_vs_zephys,0.22,0.0,0.0
qi_vs_teeri,0.22,0.22,1.0
goverra_vs_yan,0.22,0.22,1.0
florentino_vs_goverra,0.22,0.0,0.0
raz_vs_teemee,0.22,0.0,0.0
gildur_vs_raz,0.22,0.22,1.0
kriknak_vs_wiro,0.22,0.0,0.0
kriknak_vs_omen,0.22,0.0,0.0
enzo_vs_thorne,0.22,0.22,1.0
enzo_vs_wonderwoman,0.22,0.22,1.0
thorne_vs_wisp,0.22,0.0,0.0
kahlii_vs_thane,0.22,0.0,0.0
kahlii_vs_sinestrea,0.22,0.0,0.0
kahlii_vs_yena,0.22,0.0,0.0
thane_vs_zill,0.22,0.0,0.0
azzenka_vs_hayate,0.22,0.22,1.0
hayate_vs_zill,0.22,0.0,0.0
mganga_vs_zill,0.22,0.0,0.0
azzenka_vs_keera,0.22,0.22,1.0
azzenka_vs_thane,0.22,0.22,1.0
biron_vs_kriknak,0.11,0.11,1.0
slimz_vs_thane,0.11,0.0,0.0
kaine_vs_yena,0.11,0.11,1.0
kaine_vs_keera,0.11,0.11,1.0
annette_vs_kaine,0.11,0.0,0.0
capheny_vs_kaine,0.11,0.0,0.0
kaine_vs_toro,0.11,0.11,1.0
eland'orr_vs_kriknak,0.11,0.0,0.0
eland'orr_vs_richter,0.11,0.0,0.0
raz_vs_y'bneth,0.11,0.0,0.0
goverra_vs_omen,0.11,0.0,0.0
annette_vs_raz,0.11,0.11,1.0
arduin_vs_natalya,0.11,0.11,1.0
arduin_vs_marja,0.11,0.11,1.0
arum_vs_qi,0.11,0.0,0.0
aya_vs_riktor,0.11,0.11,1.0
grakk_vs_taara,0.11,0.0,0.0
grakk_vs_tachi,0.11,0.0,0.0
grakk_vs_maloch,0.11,0.0,0.0
enzo_vs_kriknak,0.11,0.0,0.0
grakk_vs_ignis,0.11,0.0,0.0
aya_vs_grakk,0.11,0.11,1.0
grakk_vs_marja,0.11,0.0,0.0
grakk_vs_skud,0.11,0.0,0.0
billow_vs_grakk,0.11,0.11,1.0
kriknak_vs_ybneth,0.11,0.0,0.0
heino_vs_zip,0.11,0.11,1.0
rouie_vs_zip,0.11,0.11,1.0
lorion_vs_slimz,0.11,0.11,1.0
arum_vs_billow,0.11,0.0,0.0
arum_vs_ignis,0.11,0.0,0.0
arum_vs_stuart,0.11,0.0,0.0
arum_vs_aya,0.11,0.0,0.0
ata_vs_azzenka,0.11,0.11,1.0
azzenka_vs_lorion,0.11,0.0,0.0
ata_vs_wiro,0.11,0.11,1.0
aya_vs_sinestrea,0.11,0.0,0.0
butterfly_vs_ignis,0.11,0.0,0.0
butterfly_vs_teemee,0.11,0.0,0.0
goverra_vs_sinestrea,0.11,0.0,0.0
sinestrea_vs_zip,0.11,0.11,1.0
goverra_vs_heino,0.11,0.0,0.0
gildur_vs_kriknak,0.11,0.11,1.0
helen_vs_riktor,0.11,0.0,0.0
keera_vs_tulen,0.11,0.0,0.0
taara_vs_tulen,0.11,0.0,0.0
krizzix_vs_slimz,0.11,0.11,1.0
keera_vs_krizzix,0.11,0.11,1.0
kriknak_vs_thane,0.11,0.11,1.0
elsu_vs_kriknak,0.11,0.11,1.0
kriknak_vs_riktor,0.11,0.0,0.0
stuart_vs_tulen,0.11,0.0,0.0
arduin_vs_mganga,0.11,0.11,1.0
gildur_vs_helen,0.11,0.11,1.0
skud_vs_tulen,0.11,0.11,1.0
kahlii_vs_marja,0.11,0.0,0.0
biron_vs_heino,0.11,0.0,0.0
airi_vs_raz,0.11,0.11,1.0
annette_vs_richter,0.11,0.11,1.0
mganga_vs_richter,0.11,0.0,0.0
enzo_vs_heino,0.11,0.0,0.0
azzenka_vs_skud,0.11,0.0,0.0
azzenka_vs_nakroth,0.11,0.0,0.0
azzenka_vs_valhein,0.11,0.0,0.0
ming_vs_murad,0.11,0.11,1.0
azzenka_vs_ming,0.11,0.0,0.0
enzo_vs_telannas,0.11,0.0,0.0
tulen_vs_valhein,0.11,0.0,0.0
thane_vs_tulen,0.11,0.11,1.0
skud_vs_zip,0.11,0.11,1.0
elsu_vs_rouie,0.11,0.0,0.0
