Hero_Pair,Matches,Wins,WinRate
iggy-toro,24.41,11.32,0.4637
dolia-tachi,22.81,11.96,0.5243
billow-toro,20.65,13.54,0.6557
billow-lorion,20.4,8.87,0.4348
dolia-zata,20.33,11.45,0.5632
ryoma-violet,18.24,9.9,0.5428
billow-marja,18.11,9.12,0.5036
elandorr-toro,17.15,11.52,0.6717
hayate-sinestrea,16.51,8.76,0.5306
lorion-ybneth,16.26,8.18,0.5031
lorion-teemee,15.97,4.42,0.2768
hayate-lorion,15.97,7.42,0.4646
annette-marja,15.65,11.22,0.7169
toro-violet,15.36,6.24,0.4063
billow-ybneth,15.3,6.98,0.4562
billow-capheny,14.88,10.56,0.7097
hayate-marja,14.49,7.62,0.5259
marja-toro,14.41,4.53,0.3144
marja-tachi,14.41,7.98,0.5538
billow-elandorr,13.99,5.65,0.4039
elandorr-liliana,13.96,5.1,0.3653
iggy-ybneth,13.96,9.09,0.6511
hayate-ybneth,13.94,8.85,0.6349
elandorr-qi,13.85,5.44,0.3928
cresht-marja,13.67,7.89,0.5772
capheny-marja,13.65,7.54,0.5524
lorion-marja,13.54,5.43,0.401
iggy-wisp,13.53,9.54,0.7051
lorion-tachi,13.2,8.98,0.6803
sinestrea-skud,12.98,6.77,0.5216
elandorr-lorion,12.96,6.52,0.5031
ryoma-toro,12.89,6.12,0.4748
hayate-skud,12.83,8.19,0.6383
hayate-teemee,12.74,3.99,0.3132
hayate-toro,12.68,7.17,0.5655
capheny-skud,12.55,4.99,0.3976
marja-zephys,12.54,5.2,0.4147
capheny-zata,12.44,5.45,0.4381
capheny-lorion,12.32,7.99,0.6485
ryoma-tachi,12.32,7.22,0.586
liliana-tachi,12.29,6.32,0.5142
sinestrea-toro,12.18,8.09,0.6642
elandorr-ybneth,12.1,4.44,0.3669
billow-flowborn,12.03,5.46,0.4539
dolia-sinestrea,11.88,6.88,0.5791
hayate-rouie,11.85,8.75,0.7384
billow-wisp,11.83,6.19,0.5232
toro-wisp,11.76,7.56,0.6429
billow-qi,11.64,2.32,0.1993
qi-rouie,11.55,7.45,0.645
marja-wisp,11.54,6.65,0.5763
rouie-toro,11.4,6.98,0.6123
dolia-stuart,11.38,5.64,0.4956
airi-toro,11.33,5.22,0.4607
marja-violet,11.33,7.55,0.6664
toro-zata,11.3,5.65,0.5
mganga-stuart,11.28,5.3,0.4699
tachi-zata,11.2,5.32,0.475
marja-ybneth,11.17,5.42,0.4852
marja-valhein,10.98,2.99,0.2723
marja-zata,10.97,7.31,0.6664
tachi-yena,10.96,5.98,0.5456
annette-capheny,10.88,4.66,0.4283
ignis-toro,10.88,4.33,0.398
sinestrea-zata,10.78,9.0,0.8349
elandorr-tachi,10.76,5.77,0.5362
qi-toro,10.74,5.43,0.5056
sinestrea-stuart,10.73,6.41,0.5974
capheny-ybneth,10.64,4.99,0.469
teemee-wisp,10.64,4.31,0.4051
iggy-taara,10.61,5.86,0.5523
billow-violet,10.57,5.12,0.4844
biron-hayate,10.53,3.2,0.3039
capheny-toro,10.52,5.31,0.5048
skud-toro,10.51,5.31,0.5052
qi-teemee,10.43,4.0,0.3835
toro-zephys,10.42,3.33,0.3196
billow-zata,10.33,4.88,0.4724
enzo-wisp,10.32,5.55,0.5378
lorion-wisp,10.3,3.76,0.365
iggy-marja,10.3,4.97,0.4825
edras-toro,10.3,4.54,0.4408
enzo-rouie,10.24,6.9,0.6738
enzo-mganga,10.22,5.11,0.5
stuart-tachi,10.16,5.18,0.5098
rouie-skud,10.1,5.99,0.5931
billow-iggy,10.08,6.31,0.626
billow-skud,9.99,4.44,0.4444
tachi-toro,9.96,2.54,0.255
hayate-qi,9.95,4.21,0.4231
tachi-valhein,9.94,5.08,0.5111
dolia-marja,9.87,5.65,0.5724
elandorr-skud,9.85,3.21,0.3259
edras-iggy,9.85,7.87,0.799
astrid-elandorr,9.79,7.12,0.7273
annette-billow,9.78,6.34,0.6483
hayate-iggy,9.74,5.65,0.5801
marja-teemee,9.74,4.19,0.4302
lorion-maloch,9.66,6.44,0.6667
ignis-marja,9.62,2.98,0.3098
flowborn-maloch,9.57,2.56,0.2675
dolia-liliana,9.53,3.33,0.3494
liliana-ryoma,9.43,5.45,0.5779
stuart-toro,9.43,3.99,0.4231
capheny-teemee,9.41,3.33,0.3539
marja-thane,9.32,4.44,0.4764
billow-liliana,9.32,2.98,0.3197
biron-sinestrea,9.21,4.33,0.4701
qi-zata,9.2,4.12,0.4478
capheny-tachi,9.19,2.54,0.2764
ryoma-thane,9.12,5.12,0.5614
yena-zata,9.11,4.88,0.5357
hayate-ryoma,9.08,6.43,0.7081
murad-toro,9.08,3.43,0.3778
billow-teemee,9.07,3.42,0.3771
ybneth-yue,8.99,4.55,0.5061
keera-qi,8.97,1.55,0.1728
astrid-violet,8.91,6.57,0.7374
maloch-sinestrea,8.89,3.89,0.4376
enzo-qi,8.88,5.0,0.5631
capheny-rouie,8.88,4.89,0.5507
teemee-zephys,8.88,4.55,0.5124
iggy-violet,8.87,4.99,0.5626
marja-rouie,8.84,4.08,0.4615
flowborn-y'bneth,8.82,6.03,0.6837
capheny-mina,8.78,4.22,0.4806
airi-billow,8.78,2.78,0.3166
marja-stuart,8.73,4.41,0.5052
fennik-toro,8.7,4.07,0.4678
flowborn-zephys,8.7,4.02,0.4621
liliana-violet,8.67,5.67,0.654
enzo-skud,8.66,5.33,0.6155
billow-mganga,8.65,5.78,0.6682
biron-dolia,8.65,2.67,0.3087
iggy-sinestrea,8.64,6.32,0.7315
dolia-elandorr,8.62,2.87,0.3329
capheny-cresht,8.57,5.12,0.5974
taara-wisp,8.55,6.11,0.7146
billow-hayate,8.52,2.31,0.2711
violet-zata,8.46,4.01,0.474
alice-elandorr,8.46,5.23,0.6182
qi-wisp,8.43,4.88,0.5789
lorion-yena,8.43,2.32,0.2752
wisp-ybneth,8.41,5.09,0.6052
dolia-skud,8.41,3.42,0.4067
elandorr-yue,8.33,3.66,0.4394
rouie-zephys,8.32,4.67,0.5613
capheny-zephys,8.31,2.88,0.3466
billow-enzo,8.31,5.11,0.6149
billow-yena,8.31,5.32,0.6402
keera-toro,8.3,2.99,0.3602
stuart-zata,8.3,6.21,0.7482
tachi-violet,8.23,5.0,0.6075
annette-violet,8.23,5.56,0.6756
liliana-skud,8.22,2.11,0.2567
airi-iggy,8.22,4.9,0.5961
billow-maloch,8.2,4.66,0.5683
billow-cresht,8.13,2.34,0.2878
chaugnar-rouie,8.12,7.56,0.931
billow-mina,8.11,5.44,0.6708
murad-wisp,8.1,4.44,0.5481
dolia-maloch,8.08,2.87,0.3552
flowborn-toro,8.02,2.12,0.2643
wisp-zata,7.99,4.66,0.5832
capheny-ryoma,7.99,5.33,0.6671
lorion-ryoma,7.99,3.22,0.403
enzo-zata,7.99,4.56,0.5707
florentino-liliana,7.99,2.55,0.3191
enzo-marja,7.97,3.33,0.4178
marja-taara,7.97,3.97,0.4981
astrid-capheny,7.9,4.34,0.5494
cresht-elandorr,7.9,2.45,0.3101
ryoma-zata,7.89,4.44,0.5627
tachi-thane,7.88,5.44,0.6904
hayate-zata,7.87,4.87,0.6188
capheny-yena,7.86,2.88,0.3664
lorion-skud,7.86,4.1,0.5216
flowborn-teemee,7.8,4.46,0.5718
rouie-wiro,7.79,2.89,0.371
marja-mganga,7.78,3.34,0.4293
valhein-zata,7.77,3.77,0.4852
rouie-wisp,7.77,5.22,0.6718
liliana-stuart,7.77,0.99,0.1274
biron-toro,7.77,4.33,0.5573
liliana-teemee,7.77,2.55,0.3282
skud-ybneth,7.76,4.88,0.6289
enzo-stuart,7.75,4.1,0.529
biron-ybneth,7.75,3.43,0.4426
keera-wisp,7.74,3.43,0.4432
dolia-violet,7.68,6.01,0.7826
annette-sinestrea,7.66,5.0,0.6527
lorion-toro,7.64,4.09,0.5353
lorion-qi,7.63,4.2,0.5505
airi-alice,7.57,4.79,0.6328
dolia-taara,7.56,4.11,0.5437
maloch-zephys,7.55,1.55,0.2053
airi-tachi,7.54,2.99,0.3966
lorion-sinestrea,7.54,4.77,0.6326
taara-tachi,7.53,4.31,0.5724
alice-cresht,7.46,4.23,0.567
skud-zata,7.44,4.66,0.6263
capheny-liliana,7.44,3.22,0.4328
capheny-mganga,7.43,5.0,0.6729
billow-taara,7.43,3.88,0.5222
edras-marja,7.4,4.3,0.5811
liliana-marja,7.4,3.42,0.4622
fennik-marja,7.39,3.08,0.4168
aya-toro,7.38,3.97,0.5379
airi-flowborn,7.36,4.24,0.5761
airi-violet,7.34,4.12,0.5613
rouie-tachi,7.33,2.22,0.3029
tachi-teemee,7.32,2.78,0.3798
annette-dolia,7.32,4.88,0.6667
annette-stuart,7.32,4.88,0.6667
mganga-tachi,7.32,3.88,0.5301
dolia-hayate,7.31,3.2,0.4378
ignis-valhein,7.31,3.11,0.4254
elandorr-thane,7.31,5.44,0.7442
cresht-lorion,7.24,2.56,0.3536
florentino-flowborn,7.24,3.12,0.4309
alice-skud,7.24,5.01,0.692
marja-sinestrea,7.21,4.77,0.6616
nakroth-toro,7.21,3.1,0.43
capheny-dolia,7.21,2.44,0.3384
stuart-zephys,7.2,1.77,0.2458
lorion-murad,7.2,2.77,0.3847
keera-valhein,7.2,3.21,0.4458
billow-biron,7.19,4.65,0.6467
ignis-tachi,7.19,2.54,0.3533
hayate-tachi,7.19,4.65,0.6467
edras-rouie,7.19,2.54,0.3533
teemee-violet,7.12,2.66,0.3736
annette-tamyn,7.12,4.45,0.625
biron-capheny,7.11,2.78,0.391
ryoma-teemee,7.1,2.33,0.3282
elandorr-rouie,7.1,4.66,0.6563
iggy-ryoma,7.09,3.43,0.4838
florentino-stuart,7.09,3.54,0.4993
maloch-tachi,7.09,4.21,0.5938
biron-zata,7.09,3.22,0.4542
iggy-zephys,7.08,3.31,0.4675
capheny-edras,7.08,2.66,0.3757
maloch-rouie,7.08,2.21,0.3121
iggy-qi,7.07,5.31,0.7511
alice-sinestrea,7.01,6.12,0.873
astrid-skud,7.01,5.23,0.7461
enzo-violet,7.01,3.56,0.5078
astrid-liliana,7.01,2.56,0.3652
tamyn-violet,7.01,3.56,0.5078
dolia-riktor,7.0,2.89,0.4129
iggy-valhein,6.99,3.99,0.5708
sinestrea-ybneth,6.98,4.54,0.6504
airi-stuart,6.98,2.32,0.3324
elandorr-taara,6.97,2.65,0.3802
qi-ybneth,6.97,2.87,0.4118
hayate-taara,6.97,3.43,0.4921
lorion-valhein,6.94,3.86,0.5562
cresht-eland'orr,6.91,3.01,0.4356
flowborn-sinestrea,6.9,4.23,0.613
capheny-zuka,6.89,3.0,0.4354
liliana-taara,6.88,4.77,0.6933
toro-yue,6.88,2.44,0.3547
thane-wisp,6.88,3.44,0.5
thane-valhein,6.88,3.55,0.516
hayate-liliana,6.87,3.1,0.4512
capheny-taara,6.87,2.88,0.4192
stuart-taara,6.86,1.87,0.2726
valhein-ybneth,6.85,3.87,0.565
flowborn-zata,6.79,2.67,0.3932
astrid-teemee,6.79,1.78,0.2622
elandorr-ryoma,6.78,2.67,0.3938
mina-ybneth,6.77,3.44,0.5081
maloch-marja,6.77,3.1,0.4579
murad-rouie,6.76,4.88,0.7219
iggy-keera,6.76,3.66,0.5414
lorion-stuart,6.75,1.43,0.2119
keera-teemee,6.75,2.99,0.443
capheny-iggy,6.75,4.87,0.7215
qi-stuart,6.74,4.1,0.6083
elsu-iggy,6.74,3.76,0.5579
lorion-y'bneth,6.69,6.36,0.9507
enzo-tachi,6.67,2.89,0.4333
elandorr-sinestrea,6.67,5.34,0.8006
airi-lorion,6.67,4.67,0.7001
maloch-valhein,6.66,4.55,0.6832
liliana-ybneth,6.66,2.33,0.3498
elandorr-riktor,6.66,2.99,0.4489
ignis-qi,6.65,3.23,0.4857
ignis-teemee,6.64,2.65,0.3991
teemee-yena,6.64,3.76,0.5663
qi-sinestrea,6.64,4.88,0.7349
edras-hayate,6.63,4.65,0.7014
annette-tachi,6.55,4.33,0.6611
elandorr-maloch,6.54,2.55,0.3899
tachi-wisp,6.54,4.1,0.6269
violet-zephys,6.53,3.31,0.5069
edras-skud,6.53,3.66,0.5605
dolia-mganga,6.51,2.2,0.3379
toro-yena,6.5,3.41,0.5246
billow-eland'orr,6.47,3.9,0.6028
airi-capheny,6.45,3.12,0.4837
iggy-skud,6.44,4.11,0.6382
billow-ryoma,6.44,3.11,0.4829
dolia-yena,6.44,2.88,0.4472
qi-zephys,6.43,4.45,0.6921
toro-valhein,6.43,1.88,0.2924
dolia-yue,6.42,3.2,0.4984
hayate-zephys,6.41,3.09,0.4821
tachi-ybneth,6.4,4.64,0.725
annette-cresht,6.34,6.01,0.9479
mina-toro,6.33,5.67,0.8957
capheny-chaugnar,6.33,5.33,0.842
hayate-nakroth,6.32,1.55,0.2453
biron-elandorr,6.31,2.44,0.3867
dolia-moren,6.3,1.65,0.2619
qi-tachi,6.3,1.77,0.281
iggy-stuart,6.29,3.53,0.5612
flowborn-tachi,6.24,3.12,0.5
alice-toro,6.23,5.34,0.8571
marja-tamyn,6.23,3.56,0.5714
tachi-wiro,6.22,2.22,0.3569
enzo-hayate,6.22,2.56,0.4116
elsu-toro,6.22,2.45,0.3939
mganga-zephys,6.21,3.89,0.6264
billow-rouie,6.21,3.56,0.5733
airi-sinestrea,6.21,4.33,0.6973
elsu-marja,6.2,2.88,0.4645
liliana-qi,6.2,1.88,0.3032
billow-ignis,6.19,2.21,0.357
hayate-ignis,6.18,1.32,0.2136
capheny-qi,6.18,2.99,0.4838
fennik-rouie,6.16,2.31,0.375
elandorr-fennik,6.16,2.97,0.4821
eland'orr-y'bneth,6.14,4.8,0.7818
alice-violet,6.12,4.45,0.7271
nakroth-stuart,6.1,2.44,0.4
capheny-sinestrea,6.1,5.1,0.8361
annette-thane,6.1,3.44,0.5639
elsu-tachi,6.1,3.22,0.5279
annette-taara,6.09,4.32,0.7094
elandorr-enzo,6.09,3.32,0.5452
wisp-yena,6.09,1.99,0.3268
billow-stuart,6.08,2.2,0.3618
flowborn-skud,6.02,4.46,0.7409
flowborn-lorion,6.02,4.35,0.7226
lorion-nakroth,6.01,0.67,0.1115
astrid-ryoma,6.01,4.23,0.7038
wisp-zephys,6.0,3.11,0.5183
marja-nakroth,5.99,3.1,0.5175
lorion-mina,5.99,2.44,0.4073
marja-zuka,5.99,3.66,0.611
airi-ybneth,5.98,3.21,0.5368
keera-thane,5.98,3.55,0.5936
elandorr-mina,5.98,4.43,0.7408
skud-stuart,5.98,2.88,0.4816
maloch-stuart,5.98,2.21,0.3696
taara-zata,5.97,3.54,0.593
elandorr-mganga,5.97,2.21,0.3702
flowborn-qi,5.92,3.35,0.5659
flowborn-marja,5.9,0.67,0.1136
astrid-cresht,5.9,4.12,0.6983
ryoma-sinestrea,5.89,4.67,0.7929
liliana-maloch,5.89,2.0,0.3396
liliana-thane,5.88,4.22,0.7177
murad-valhein,5.88,3.22,0.5476
lorion-zephys,5.88,1.99,0.3384
enzo-ignis,5.87,1.66,0.2828
elandorr-marja,5.86,3.87,0.6604
ryoma-ybneth,5.85,3.31,0.5658
alice-flowborn,5.79,4.01,0.6926
cresht-sinestrea,5.78,4.67,0.808
airi-rouie,5.77,3.89,0.6742
capheny-keera,5.76,2.11,0.3663
hayate-zuka,5.76,3.98,0.691
mganga-toro,5.74,2.43,0.4233
ignis-ybneth,5.74,2.2,0.3833
keera-ybneth,5.73,0.88,0.1536
eland'orr-marja,5.69,4.24,0.7452
flowborn-iggy,5.69,3.24,0.5694
eland'orr-skud,5.68,4.79,0.8433
liliana-nakroth,5.67,2.89,0.5097
lorion-taara,5.66,3.22,0.5689
enzo-sinestrea,5.66,1.88,0.3322
iggy-teemee,5.65,3.44,0.6088
skud-valhein,5.65,3.99,0.7062
elandorr-yena,5.64,2.43,0.4309
alice-butterfly,5.57,3.79,0.6804
cresht-ryoma,5.56,3.45,0.6205
annette-ryoma,5.55,3.22,0.5802
enzo-ryoma,5.55,2.66,0.4793
mganga-teemee,5.55,3.44,0.6198
mganga-valhein,5.54,1.66,0.2996
biron-enzo,5.54,3.44,0.6209
yue-zephys,5.54,1.77,0.3195
elandorr-zata,5.54,3.1,0.5596
zata-zephys,5.53,1.32,0.2387
tachi-yue,5.53,1.32,0.2387
taara-violet,5.45,2.11,0.3872
airi-keera,5.44,2.11,0.3879
annette-nakroth,5.44,4.11,0.7555
airi-thane,5.44,3.11,0.5717
annette-hayate,5.44,2.33,0.4283
annette-toro,5.44,2.11,0.3879
enzo-lorion,5.43,2.44,0.4494
mganga-taara,5.43,2.21,0.407
marja-yue,5.43,2.54,0.4678
iggy-murad,5.43,1.33,0.2449
lorion-thane,5.43,3.32,0.6114
murad-teemee,5.43,1.55,0.2855
ybneth-zuka,5.42,3.53,0.6513
biron-wisp,5.41,2.99,0.5527
astrid-ybneth,5.34,3.56,0.6667
astrid-mina,5.34,4.45,0.8333
astrid-iggy,5.34,5.34,1.0
astrid-yue,5.34,3.56,0.6667
cresht-taara,5.34,3.67,0.6873
hayate-tamyn,5.34,3.56,0.6667
biron-tamyn,5.34,3.56,0.6667
astrid-zata,5.34,2.67,0.5
tamyn-ybneth,5.34,4.45,0.8333
maloch-zata,5.34,2.45,0.4588
riktor-zata,5.33,2.33,0.4371
annette-ybneth,5.33,2.66,0.4991
taara-teemee,5.32,2.44,0.4586
murad-zephys,5.32,1.22,0.2293
billow-elsu,5.32,2.67,0.5019
rouie-stuart,5.31,3.1,0.5838
keera-stuart,5.31,1.11,0.209
sinestrea-teemee,5.31,2.77,0.5217
mganga-skud,5.3,1.76,0.3321
flowborn-keera,5.24,2.9,0.5534
taara-wiro,5.23,0.89,0.1702
marja-wiro,5.23,2.89,0.5526
violet-wiro,5.23,3.34,0.6386
airi-cresht,5.23,2.45,0.4685
biron-zephys,5.22,2.22,0.4253
liliana-yena,5.21,2.1,0.4031
hayate-mina,5.21,0.89,0.1708
cresht-iggy,5.21,3.55,0.6814
skud-teemee,5.21,1.22,0.2342
biron-iggy,5.21,3.88,0.7447
dolia-ryoma,5.21,3.33,0.6392
ignis-sinestrea,5.21,1.66,0.3186
cresht-hayate,5.21,3.66,0.7025
billow-yue,5.21,1.55,0.2975
qi-thane,5.2,2.44,0.4692
flowborn-rouie,5.13,1.34,0.2612
sinestrea-violet,5.12,3.45,0.6738
butterfly-ignis,5.12,1.67,0.3262
airi-annette,5.1,2.88,0.5647
dolia-elsu,5.1,3.22,0.6314
capheny-enzo,5.1,2.55,0.5
florentino-ignis,5.1,2.1,0.4118
mganga-nakroth,5.1,1.1,0.2157
liliana-omen,5.1,2.32,0.4549
iggy-riktor,5.09,3.1,0.609
keera-marja,5.08,2.32,0.4567
edras-ybneth,5.08,2.54,0.5
hayate-keera,5.08,2.1,0.4134
fennik-tachi,5.07,1.65,0.3254
aya-elandorr,5.06,1.65,0.3261
flowborn-liliana,5.01,0.0,0.0
ignis-violet,5.01,3.45,0.6886
cresht-skud,5.01,1.67,0.3333
murad-thane,5.0,2.78,0.556
nakroth-thane,5.0,2.89,0.578
iggy-wiro,5.0,3.22,0.644
cresht-zata,5.0,1.55,0.31
thane-violet,5.0,1.67,0.334
florentino-toro,4.99,1.11,0.2224
mina-stuart,4.99,1.0,0.2004
florentino-ybneth,4.99,1.33,0.2665
edras-valhein,4.98,2.77,0.5562
sinestrea-thane,4.98,3.88,0.7791
biron-rouie,4.97,2.87,0.5775
fennik-skud,4.97,1.98,0.3984
lorion-violet,4.89,2.66,0.544
cresht-ignis,4.89,2.45,0.501
riktor-zephys,4.88,0.77,0.1578
nakroth-valhein,4.88,1.44,0.2951
riktor-sinestrea,4.88,3.22,0.6598
mganga-ryoma,4.88,2.78,0.5697
liliana-sinestrea,4.88,2.21,0.4529
ignis-taara,4.87,0.99,0.2033
lorion-zuka,4.87,2.54,0.5216
billow-thane,4.87,1.1,0.2259
elandorr-teemee,4.87,2.65,0.5441
teemee-zata,4.87,3.32,0.6817
murad-tachi,4.87,3.55,0.729
mganga-yena,4.86,2.88,0.5926
ryoma-wisp,4.86,2.65,0.5453
keera-mganga,4.86,0.99,0.2037
nakroth-violet,4.78,3.33,0.6967
krizzix-zata,4.77,3.55,0.7442
omen-stuart,4.77,2.1,0.4403
valhein-yue,4.77,2.33,0.4885
iggy-nakroth,4.77,1.44,0.3019
mganga-wisp,4.76,3.11,0.6534
liliana-mina,4.76,1.21,0.2542
keera-rouie,4.75,2.21,0.4653
keera-lorion,4.75,2.99,0.6295
aya-taara,4.74,1.43,0.3017
flowborn-thane,4.68,2.23,0.4765
eland'orr-lorion,4.68,2.67,0.5705
cresht-violet,4.67,2.56,0.5482
enzo-florentino,4.67,2.67,0.5717
capheny-nakroth,4.67,1.55,0.3319
nakroth-zata,4.66,2.33,0.5
elandorr-wiro,4.66,2.66,0.5708
mganga-thane,4.66,2.11,0.4528
iggy-mina,4.66,3.66,0.7854
annette-florentino,4.66,3.55,0.7618
taara-valhein,4.65,2.43,0.5226
ryoma-valhein,4.65,2.44,0.5247
biron-ignis,4.65,2.99,0.643
taara-ybneth,4.65,3.66,0.7871
hayate-yena,4.65,2.76,0.5935
fennik-sinestrea,4.65,1.88,0.4043
skud-tachi,4.64,2.2,0.4741
mganga-sinestrea,4.64,3.2,0.6897
capheny-ignis,4.64,0.77,0.1659
iggy-tachi,4.64,2.1,0.4526
qi-taara,4.63,1.43,0.3089
airi-y'bneth,4.57,4.57,1.0
flowborn-ryoma,4.57,2.34,0.512
eland'orr-enzo,4.57,3.01,0.6586
alice-keera,4.57,1.56,0.3414
annette-skud,4.56,1.34,0.2939
airi-teemee,4.56,2.23,0.489
butterfly-toro,4.56,1.11,0.2434
zata-zuka,4.56,2.78,0.6096
biron-yue,4.55,1.22,0.2681
dolia-valhein,4.55,1.11,0.244
dyadia-mganga,4.55,1.22,0.2681
ignis-zephys,4.54,3.1,0.6828
biron-valhein,4.54,2.44,0.5374
edras-lorion,4.54,0.0,0.0
florentino-tachi,4.54,2.11,0.4648
ignis-keera,4.53,3.21,0.7086
rouie-yena,4.53,2.54,0.5607
hayate-yue,4.52,2.54,0.5619
flowborn-ignis,4.46,2.79,0.6256
flowborn-taara,4.46,2.34,0.5247
capheny-y'bneth,4.46,3.01,0.6749
capheny-tamyn,4.45,1.78,0.4
dolia-wisp,4.45,3.56,0.8
cresht-tamyn,4.45,3.56,0.8
tamyn-wisp,4.45,1.78,0.4
alice-marja,4.45,1.78,0.4
annette-mina,4.45,2.67,0.6
airi-valhein,4.44,1.11,0.25
annette-maloch,4.44,3.33,0.75
lorion-riktor,4.43,2.87,0.6479
riktor-ybneth,4.43,3.54,0.7991
skud-wisp,4.43,1.88,0.4244
elsu-taara,4.42,2.1,0.4751
edras-zata,4.42,1.88,0.4253
dolia-zephys,4.42,1.32,0.2986
hayate-thane,4.42,2.1,0.4751
annette-wisp,4.42,3.32,0.7511
florentino-zata,4.42,2.21,0.5
billow-valhein,4.41,1.43,0.3243
stuart-teemee,4.41,2.53,0.5737
ryoma-tamyn,4.34,1.78,0.4101
airi-astrid,4.34,2.56,0.5899
alice-stuart,4.34,2.45,0.5645
astrid-qi,4.34,3.45,0.7949
capheny-wiro,4.34,0.78,0.1797
astrid-toro,4.34,4.34,1.0
airi-wiro,4.34,3.23,0.7442
astrid-rouie,4.34,4.34,1.0
annette-biron,4.33,2.0,0.4619
fennik-maloch,4.32,0.33,0.0764
edras-maloch,4.32,1.55,0.3588
stuart-thane,4.32,2.0,0.463
ignis-thane,4.32,3.11,0.7199
mina-wisp,4.31,4.09,0.949
iggy-thane,4.31,3.32,0.7703
dolia-qi,4.31,1.78,0.413
billow-murad,4.3,1.87,0.4349
nakroth-y'bneth,4.24,1.34,0.316
annette-flowborn,4.23,3.34,0.7896
cresht-liliana,4.23,2.45,0.5792
murad-stuart,4.22,2.22,0.5261
mina-yue,4.22,1.66,0.3934
cresht-tachi,4.22,2.11,0.5
chaugnar-valhein,4.22,2.11,0.5
taara-yue,4.22,2.11,0.5
ignis-wisp,4.22,0.88,0.2085
florentino-maloch,4.22,1.78,0.4218
ryoma-zephys,4.22,1.33,0.3152
annette-valhein,4.21,3.22,0.7648
ybneth-zata,4.21,2.44,0.5796
dolia-fennik,4.21,1.21,0.2874
keera-taara,4.21,0.44,0.1045
maloch-wisp,4.21,2.55,0.6057
qi-valhein,4.2,1.21,0.2881
elsu-ybneth,4.19,2.65,0.6325
dolia-lorion,4.19,1.54,0.3675
mina-violet,4.12,1.22,0.2961
astrid-dolia,4.12,3.23,0.784
astrid-taara,4.12,3.56,0.8641
flowborn-yena,4.12,1.78,0.432
alice-thane,4.12,2.45,0.5947
mganga-violet,4.11,1.55,0.3771
annette-wiro,4.11,1.78,0.4331
riktor-tachi,4.11,1.22,0.2968
violet-ybneth,4.11,3.0,0.7299
maloch-violet,4.11,3.22,0.7835
sinestrea-taara,4.1,1.99,0.4854
biron-maloch,4.1,0.33,0.0805
keera-zata,4.1,1.22,0.2976
edras-enzo,4.1,2.22,0.5415
biron-teemee,4.09,1.99,0.4866
annette-elandorr,4.09,2.77,0.6773
enzo-iggy,4.08,1.87,0.4583
eland'orr-iggy,4.02,1.79,0.4453
cresht-flowborn,4.01,1.78,0.4439
billow-y'bneth,4.01,2.45,0.611
baldum-biron,4.0,2.89,0.7225
florentino-nakroth,4.0,1.67,0.4175
maloch-yue,4.0,2.33,0.5825
florentino-lorion,3.99,2.66,0.6667
rouie-teemee,3.99,2.44,0.6115
ignis-ryoma,3.99,2.78,0.6967
biron-liliana,3.99,2.11,0.5288
florentino-keera,3.99,1.21,0.3033
elsu-rouie,3.99,0.89,0.2231
hayate-maloch,3.98,0.66,0.1658
elandorr-florentino,3.97,1.54,0.3879
fennik-teemee,3.97,1.54,0.3879
elandorr-iggy,3.97,2.1,0.529
airi-eland'orr,3.9,3.12,0.8
nakroth-teemee,3.9,2.23,0.5718
enzo-taara,3.89,1.22,0.3136
airi-liliana,3.89,0.33,0.0848
capheny-riktor,3.88,2.33,0.6005
liliana-toro,3.88,0.66,0.1701
biron-elsu,3.88,2.56,0.6598
nakroth-ryoma,3.87,0.77,0.199
biron-keera,3.86,2.54,0.658
elsu-qi,3.86,0.77,0.1995
stuart-yena,3.86,2.65,0.6865
moren-toro,3.86,1.32,0.342
fennik-liliana,3.86,2.09,0.5415
fennik-taara,3.85,2.75,0.7143
eland'orr-toro,3.79,1.0,0.2639
eland'orr-taara,3.79,0.78,0.2058
skud-wiro,3.78,1.11,0.2937
enzo-zuka,3.78,2.22,0.5873
billow-gildur,3.78,0.22,0.0582
mina-zata,3.77,1.32,0.3501
enzo-yena,3.77,2.33,0.618
toro-zuka,3.76,1.77,0.4707
edras-ryoma,3.76,1.55,0.4122
edras-wisp,3.76,2.44,0.6489
aya-billow,3.76,2.54,0.6755
fennik-iggy,3.75,1.54,0.4107
keera-krizzix,3.75,3.2,0.8533
eland'orr-tachi,3.68,2.9,0.788
skud-y'bneth,3.68,3.01,0.8179
sinestrea-wisp,3.67,2.22,0.6049
maloch-nakroth,3.67,2.78,0.7575
qi-violet,3.67,1.11,0.3025
edras-elandorr,3.66,1.55,0.4235
biron-edras,3.66,1.22,0.3333
mina-nakroth,3.66,0.66,0.1803
billow-krizzix,3.66,1.11,0.3033
ybneth-zephys,3.66,0.22,0.0601
wisp-yue,3.66,2.11,0.5765
billow-riktor,3.65,2.1,0.5753
elandorr-ignis,3.65,1.99,0.5452
hayate-riktor,3.65,2.76,0.7562
hayate-murad,3.63,1.98,0.5455
alice-astrid,3.56,3.56,1.0
astrid-hayate,3.56,1.78,0.5
astrid-flowborn,3.56,1.78,0.5
astrid-lorion,3.56,1.78,0.5
lorion-tamyn,3.56,0.89,0.25
airi-nakroth,3.56,1.0,0.2809
astrid-riktor,3.56,2.67,0.75
astrid-wisp,3.56,2.67,0.75
annette-astrid,3.56,2.67,0.75
tamyn-teemee,3.56,0.0,0.0
iggy-tamyn,3.56,1.78,0.5
astrid-biron,3.56,1.78,0.5
liliana-tamyn,3.56,0.89,0.25
butterfly-florentino,3.56,0.89,0.25
thane-zata,3.56,0.89,0.25
chaugnar-keera,3.56,1.22,0.3427
ryoma-stuart,3.55,2.0,0.5634
hayate-y'bneth,3.55,2.22,0.6254
stuart-yue,3.55,1.44,0.4056
airi-elandorr,3.55,3.55,1.0
biron-lorion,3.54,1.66,0.4689
qi-zuka,3.54,1.77,0.5
riktor-stuart,3.54,0.55,0.1554
annette-teemee,3.54,1.22,0.3446
biron-thane,3.54,2.44,0.6893
valhein-yena,3.54,1.77,0.5
taara-zephys,3.54,2.32,0.6554
annette-elsu,3.53,2.54,0.7195
natalya-wisp,3.53,2.1,0.5949
hayate-mganga,3.53,0.99,0.2805
qi-yue,3.53,0.66,0.187
eland'orr-zata,3.46,2.68,0.7746
stuart-tamyn,3.45,2.56,0.742
butterfly-enzo,3.45,2.45,0.7101
tamyn-yue,3.45,2.56,0.742
biron-flowborn,3.45,1.67,0.4841
alice-hayate,3.45,0.89,0.258
alice-billow,3.45,0.89,0.258
enzo-zephys,3.44,2.22,0.6453
biron-violet,3.44,3.44,1.0
murad-zata,3.44,1.11,0.3227
mina-tachi,3.44,0.99,0.2878
airi-ignis,3.44,1.44,0.4186
riktor-violet,3.44,2.55,0.7413
biron-mganga,3.44,1.56,0.4535
baldum-liliana,3.44,2.22,0.6453
skud-yue,3.43,2.54,0.7405
ignis-skud,3.43,2.32,0.6764
elsu-liliana,3.43,1.66,0.484
dolia-edras,3.43,0.99,0.2886
florentino-valhein,3.43,1.55,0.4519
mganga-murad,3.43,1.33,0.3878
murad-ybneth,3.43,1.21,0.3528
sinestrea-yena,3.43,1.54,0.449
capheny-maloch,3.43,1.33,0.3878
airi-wisp,3.43,3.1,0.9038
elandorr-stuart,3.42,1.88,0.5497
edras-yena,3.42,1.32,0.386
nakroth-wisp,3.34,2.45,0.7335
mina-rouie,3.34,1.78,0.5329
flowborn-wiro,3.34,2.45,0.7335
qi-y'bneth,3.34,2.45,0.7335
cresht-yena,3.34,1.67,0.5
yue-zuka,3.33,1.55,0.4655
airi-zephys,3.33,2.12,0.6366
nakroth-taara,3.33,0.89,0.2673
edras-yue,3.33,2.44,0.7327
rouie-sinestrea,3.33,1.78,0.5345
airi-hayate,3.32,2.0,0.6024
skud-taara,3.32,2.66,0.8012
ignis-stuart,3.32,1.1,0.3313
florentino-iggy,3.32,2.0,0.6024
iggy-omen,3.31,1.99,0.6012
edras-liliana,3.31,2.32,0.7009
biron-fennik,3.31,2.21,0.6677
elsu-sinestrea,3.31,2.1,0.6344
enzo-fennik,3.3,1.43,0.4333
astrid-enzo,3.23,1.78,0.5511
chaugnar-skud,3.23,3.23,1.0
alice-qi,3.23,1.67,0.517
flowborn-murad,3.23,0.78,0.2415
flowborn-nakroth,3.23,0.78,0.2415
baldum-keera,3.22,0.89,0.2764
edras-violet,3.22,0.89,0.2764
cresht-wisp,3.22,2.11,0.6553
maloch-murad,3.22,2.0,0.6211
rouie-zuka,3.22,2.11,0.6553
dolia-nakroth,3.22,0.89,0.2764
dolia-zuka,3.22,1.55,0.4814
maloch-omen,3.21,0.77,0.2399
dolia-volkath,3.21,1.33,0.4143
mganga-qi,3.21,0.77,0.2399
riktor-toro,3.21,0.55,0.1713
rouie-thane,3.21,0.78,0.243
florentino-zephys,3.21,1.1,0.3427
mina-zephys,3.2,1.65,0.5156
fennik-lorion,3.2,0.99,0.3094
liliana-volkath,3.13,1.34,0.4281
eland'orr-wiro,3.12,1.67,0.5353
sinestrea-y'bneth,3.12,3.12,1.0
flowborn-mganga,3.12,0.78,0.25
enzo-flowborn,3.12,1.67,0.5353
dolia-flowborn,3.12,0.89,0.2853
eland'orr-rouie,3.12,0.89,0.2853
eland'orr-mganga,3.12,2.45,0.7853
capheny-yue,3.11,0.33,0.1061
violet-yena,3.11,1.45,0.4662
maloch-yena,3.11,1.44,0.463
omega-stuart,3.11,1.11,0.3569
chaugnar-qi,3.11,1.33,0.4277
baldum-capheny,3.11,2.0,0.6431
keera-liliana,3.1,0.33,0.1065
riktor-wisp,3.1,2.1,0.6774
valhein-zephys,3.1,2.0,0.6452
ybneth-yena,3.1,1.22,0.3935
iggy-yena,3.09,1.88,0.6084
omen-tachi,3.09,1.43,0.4628
florentino-mganga,3.09,1.21,0.3916
billow-fennik,3.08,1.54,0.5
edras-fennik,3.08,2.42,0.7857
eland'orr-richter,3.02,1.9,0.6291
hayate-volkath,3.01,0.78,0.2591
nakroth-skud,3.01,1.11,0.3688
violet-yue,3.0,1.22,0.4067
baldum-violet,3.0,2.22,0.74
florentino-violet,3.0,1.89,0.63
liliana-zephys,3.0,1.22,0.4067
iggy-zuka,3.0,0.56,0.1867
cresht-edras,3.0,2.44,0.8133
enzo-yue,3.0,2.11,0.7033
teemee-yue,2.99,1.22,0.408
thane-yena,2.99,0.66,0.2207
liliana-wisp,2.99,2.22,0.7425
natalya-toro,2.99,0.66,0.2207
wisp-zuka,2.99,2.21,0.7391
liliana-moren,2.99,1.11,0.3712
sinestrea-yue,2.99,0.66,0.2207
airi-elsu,2.99,1.44,0.4816
annette-keera,2.99,1.44,0.4816
teemee-valhein,2.98,2.1,0.7047
enzo-valhein,2.98,1.33,0.4463
elsu-ignis,2.98,0.88,0.2953
elsu-thane,2.98,1.77,0.594
keera-maloch,2.98,1.65,0.5537
fennik-qi,2.97,0.99,0.3333
keera-yena,2.97,1.54,0.5185
marja-y'bneth,2.9,2.68,0.9241
alice-volkath,2.9,0.78,0.269
airi-edras,2.89,2.56,0.8858
taara-toro,2.89,0.33,0.1142
maloch-toro,2.89,2.11,0.7301
ryoma-yue,2.89,0.89,0.308
biron-tachi,2.88,1.33,0.4618
elandorr-omen,2.88,1.11,0.3854
enzo-nakroth,2.88,0.44,0.1528
annette-zephys,2.88,0.55,0.191
enzo-liliana,2.88,2.11,0.7326
mina-ryoma,2.87,1.77,0.6167
edras-mganga,2.87,0.99,0.3449
baldum-yena,2.87,1.44,0.5017
fennik-yena,2.87,2.2,0.7666
billow-florentino,2.87,1.77,0.6167
krizzix-marja,2.87,1.65,0.5749
fennik-zata,2.87,1.32,0.4599
edras-taara,2.87,1.88,0.6551
stuart-ybneth,2.87,0.88,0.3066
billow-omen,2.87,1.65,0.5749
fennik-mganga,2.86,0.66,0.2308
aya-fennik,2.86,1.76,0.6154
richter-zata,2.79,2.23,0.7993
gildur-y'bneth,2.79,1.34,0.4803
volkath-zata,2.79,1.34,0.4803
yena-zuka,2.79,0.56,0.2007
mganga-richter,2.79,1.67,0.5986
y'bneth-zephys,2.79,2.12,0.7599
flowborn-gildur,2.79,0.78,0.2796
billow-richter,2.79,0.89,0.319
skud-volkath,2.78,1.44,0.518
sinestrea-valhein,2.78,1.56,0.5612
ryoma-y'bneth,2.78,1.89,0.6799
butterfly-stuart,2.78,1.89,0.6799
capheny-thane,2.77,1.55,0.5596
florentino-marja,2.77,0.99,0.3574
airi-yue,2.77,0.89,0.3213
valhein-zuka,2.77,1.22,0.4404
nakroth-qi,2.77,1.22,0.4404
baldum-zata,2.77,1.22,0.4404
dolia-mina,2.77,0.88,0.3177
elsu-gildur,2.75,1.32,0.48
eland'orr-mina,2.67,1.56,0.5843
astrid-chaugnar,2.67,2.67,1.0
butterfly-flowborn,2.67,0.89,0.3333
flowborn-riktor,2.67,0.89,0.3333
mina-tamyn,2.67,0.89,0.3333
gildur-ryoma,2.67,1.22,0.4569
eland'orr-yue,2.67,0.89,0.3333
cresht-zuka,2.67,0.89,0.3333
riktor-rouie,2.67,2.67,1.0
cresht-qi,2.67,1.89,0.7079
rouie-taara,2.67,0.0,0.0
tamyn-thane,2.67,0.0,0.0
tamyn-wiro,2.67,0.89,0.3333
sinestrea-wiro,2.67,1.22,0.4569
alice-maloch,2.67,0.89,0.3333
alice-nakroth,2.67,0.89,0.3333
astrid-thane,2.67,2.67,1.0
flowborn-ybneth,2.67,0.89,0.3333
skud-tamyn,2.67,1.78,0.6667
gildur-violet,2.67,0.0,0.0
alice-biron,2.67,1.78,0.6667
cresht-stuart,2.66,1.22,0.4586
cresht-zephys,2.66,0.0,0.0
mganga-mina,2.66,2.33,0.8759
florentino-hayate,2.66,0.66,0.2481
florentino-wisp,2.66,1.11,0.4173
fennik-keera,2.65,0.44,0.166
elandorr-zephys,2.65,0.77,0.2906
riktor-valhein,2.65,0.66,0.2491
butterfly-elandorr,2.56,0.78,0.3047
alice-ryoma,2.56,1.78,0.6953
murad-tamyn,2.56,1.67,0.6523
tamyn-zata,2.56,1.78,0.6953
skud-violet,2.56,0.89,0.3477
mina-omega,2.56,0.0,0.0
alice-tachi,2.56,1.67,0.6523
keera-y'bneth,2.56,0.56,0.2188
skud-zuka,2.56,0.22,0.0859
astrid-y'bneth,2.56,2.56,1.0
baldum-billow,2.56,1.11,0.4336
alice-y'bneth,2.56,1.67,0.6523
ignis-murad,2.55,1.44,0.5647
rouie-valhein,2.55,2.22,0.8706
volkath-wisp,2.55,2.22,0.8706
omen-valhein,2.55,2.22,0.8706
edras-thane,2.54,1.55,0.6102
airi-dolia,2.54,1.55,0.6102
keera-omen,2.54,1.55,0.6102
baldum-marja,2.54,1.65,0.6496
florentino-teemee,2.54,1.99,0.7835
annette-yena,2.54,1.11,0.437
elsu-keera,2.53,0.44,0.1739
maloch-qi,2.53,0.99,0.3913
iggy-y'bneth,2.46,2.46,1.0
ryoma-volkath,2.45,1.34,0.5469
butterfly-wisp,2.45,1.56,0.6367
ryoma-wiro,2.45,2.45,1.0
alice-wiro,2.45,1.56,0.6367
wiro-wisp,2.45,1.11,0.4531
cresht-nakroth,2.45,0.78,0.3184
alice-baldum,2.45,1.78,0.7265
keera-ryoma,2.44,0.78,0.3197
gildur-taara,2.44,0.55,0.2254
krizzix-valhein,2.44,1.22,0.5
riktor-yue,2.44,0.66,0.2705
airi-maloch,2.44,0.0,0.0
maloch-mganga,2.43,0.77,0.3169
billow-dolia,2.43,0.67,0.2757
natalya-ybneth,2.43,1.44,0.5926
aya-sinestrea,2.43,1.77,0.7284
fennik-ybneth,2.42,1.43,0.5909
edras-teemee,2.42,1.1,0.4545
fennik-krizzix,2.42,1.32,0.5455
enzo-volkath,2.34,1.67,0.7137
astrid-ignis,2.34,2.34,1.0
airi-butterfly,2.34,2.23,0.953
alice-teemee,2.34,1.56,0.6667
astrid-yena,2.34,0.56,0.2393
maloch-riktor,2.33,0.11,0.0472
keera-skud,2.33,1.67,0.7167
krizzix-violet,2.33,2.11,0.9056
annette-krizzix,2.33,2.33,1.0
taara-zuka,2.33,0.0,0.0
dyadia-stuart,2.33,0.33,0.1416
marja-murad,2.33,1.22,0.5236
mganga-yan,2.32,0.99,0.4267
keera-murad,2.32,1.11,0.4784
biron-natalya,2.32,0.89,0.3836
elandorr-elsu,2.32,0.44,0.1897
hayate-krizzix,2.32,2.21,0.9526
fennik-ignis,2.31,1.1,0.4762
rouie-ybneth,2.31,0.99,0.4286
florentino-sinestrea,2.31,1.98,0.8571
liliana-valhein,2.31,0.66,0.2857
marja-moren,2.31,1.32,0.5714
flowborn-volkath,2.23,1.56,0.6996
heino-violet,2.23,1.34,0.6009
eland'orr-qi,2.23,1.45,0.6502
eland'orr-yena,2.23,1.45,0.6502
y'bneth-yena,2.23,0.56,0.2511
alice-capheny,2.23,0.89,0.3991
alice-eland'orr,2.23,2.23,1.0
volkath-y'bneth,2.23,2.23,1.0
dyadia-nakroth,2.23,0.0,0.0
gildur-tachi,2.22,0.11,0.0495
aoi-marja,2.22,0.22,0.0991
gildur-marja,2.22,0.44,0.1982
stuart-wiro,2.22,0.55,0.2477
heino-toro,2.22,1.33,0.5991
stuart-volkath,2.22,0.33,0.1486
thane-zephys,2.22,1.78,0.8018
mina-thane,2.22,0.89,0.4009
marja-natalya,2.21,0.77,0.3484
florentino-taara,2.21,0.99,0.448
edras-elsu,2.21,0.66,0.2986
annette-volkath,2.21,1.55,0.7014
dolia-keera,2.21,0.66,0.2986
annette-murad,2.21,2.21,1.0
capheny-murad,2.21,1.33,0.6018
fennik-zephys,2.21,0.77,0.3484
aya-yena,2.2,1.1,0.5
butterfly-violet,2.12,1.34,0.6321
astrid-eland'orr,2.12,1.56,0.7358
max-zata,2.12,0.56,0.2642
richter-teemee,2.12,1.56,0.7358
mganga-y'bneth,2.12,1.34,0.6321
lorion-xeniel,2.12,0.78,0.3679
richter-violet,2.12,0.78,0.3679
baldum-taara,2.12,0.67,0.316
chaugnar-riktor,2.11,2.11,1.0
qi-volkath,2.11,1.78,0.8436
butterfly-marja,2.11,0.33,0.1564
dyadia-elandorr,2.11,0.0,0.0
maloch-skud,2.11,2.11,1.0
annette-moren,2.11,0.0,0.0
cresht-valhein,2.11,0.89,0.4218
elandorr-nakroth,2.11,0.33,0.1564
murad-ryoma,2.11,1.22,0.5782
chaugnar-hayate,2.11,2.11,1.0
cresht-mina,2.11,0.33,0.1564
annette-qi,2.1,0.66,0.3143
omen-zata,2.1,0.99,0.4714
airi-mganga,2.1,1.0,0.4762
enzo-riktor,2.1,1.0,0.4762
moren-zephys,2.1,0.33,0.1571
valhein-wiro,2.1,1.22,0.581
airi-aya,2.1,1.88,0.8952
omen-taara,2.1,0.44,0.2095
mganga-omen,2.1,0.99,0.4714
omen-wisp,2.09,1.54,0.7368
edras-stuart,2.09,1.43,0.6842
florentino-rouie,2.09,0.88,0.4211
biron-stuart,2.09,0.88,0.4211
florentino-y'bneth,2.01,0.56,0.2786
enzo-gildur,2.01,0.56,0.2786
liliana-y'bneth,2.01,0.0,0.0
mina-skud,2.0,0.33,0.165
tachi-y'bneth,2.0,1.11,0.555
nakroth-yena,2.0,0.33,0.165
dolia-kahlii,2.0,0.22,0.11
ignis-yena,2.0,0.0,0.0
dolia-ignis,2.0,0.33,0.165
lorion-wiro,2.0,1.22,0.61
chaugnar-sinestrea,2.0,1.33,0.665
wiro-zephys,2.0,0.89,0.445
billow-omega,2.0,0.33,0.165
florentino-krizzix,1.99,1.88,0.9447
mina-zuka,1.99,0.77,0.3869
baldum-qi,1.99,0.66,0.3317
baldum-stuart,1.99,0.66,0.3317
heino-stuart,1.99,0.55,0.2764
lorion-volkath,1.99,1.66,0.8342
krizzix-stuart,1.99,1.66,0.8342
edras-mina,1.99,1.33,0.6683
capheny-omen,1.99,0.99,0.4975
keera-riktor,1.99,1.33,0.6683
moren-yue,1.98,1.32,0.6667
elsu-florentino,1.98,0.88,0.4444
krizzix-rouie,1.98,0.88,0.4444
hayate-omen,1.98,1.32,0.6667
yena-zephys,1.98,0.55,0.2778
elandorr-hayate,1.98,0.88,0.4444
fennik-florentino,1.98,0.77,0.3889
edras-ignis,1.98,1.65,0.8333
capheny-volkath,1.9,0.67,0.3526
aoi-wisp,1.89,0.89,0.4709
gildur-zephys,1.89,1.33,0.7037
gildur-thane,1.89,0.0,0.0
airi-zata,1.89,0.33,0.1746
billow-xeniel,1.89,1.0,0.5291
dyadia-violet,1.89,1.0,0.5291
wisp-y'bneth,1.89,0.67,0.3545
marja-mina,1.88,0.66,0.3511
elsu-zata,1.88,0.89,0.4734
lorion-omen,1.88,0.99,0.5266
keera-violet,1.88,0.77,0.4096
marja-qi,1.88,1.77,0.9415
dolia-florentino,1.88,0.55,0.2926
riktor-thane,1.88,0.33,0.1755
aya-qi,1.88,0.11,0.0585
gildur-yena,1.88,0.22,0.117
edras-florentino,1.88,0.0,0.0
moren-skud,1.88,0.66,0.3511
moren-ryoma,1.88,0.0,0.0
gildur-qi,1.88,0.33,0.1755
marja-omen,1.87,1.54,0.8235
aya-murad,1.87,1.1,0.5882
dyadia-skud,1.79,0.0,0.0
arum-elandorr,1.78,0.89,0.5
darcy-toro,1.78,0.89,0.5
richter-valhein,1.78,1.67,0.9382
alice-edras,1.78,0.89,0.5
nakroth-yue,1.78,0.89,0.5
nakroth-wiro,1.78,0.89,0.5
butterfly-hayate,1.78,0.0,0.0
baldum-tamyn,1.78,1.78,1.0
krizzix-tamyn,1.78,1.78,1.0
dyadia-maloch,1.78,0.0,0.0
tamyn-valhein,1.78,0.89,0.5
butterfly-ybneth,1.78,0.0,0.0
max-valhein,1.78,0.89,0.5
astrid-wiro,1.78,0.89,0.5
biron-wiro,1.78,0.89,0.5
murad-qi,1.78,0.89,0.5
elsu-wiro,1.78,0.0,0.0
arum-astrid,1.78,0.89,0.5
alice-dolia,1.78,0.89,0.5
maloch-teemee,1.78,0.78,0.4382
flowborn-yue,1.78,0.89,0.5
butterfly-mina,1.78,0.0,0.0
chaugnar-murad,1.78,1.78,1.0
chaugnar-iggy,1.78,1.78,1.0
maloch-tamyn,1.78,0.89,0.5
alice-riktor,1.78,0.89,0.5
cresht-yue,1.78,0.0,0.0
violet-volkath,1.78,1.78,1.0
wiro-yan,1.78,0.89,0.5
murad-nakroth,1.78,1.78,1.0
baldum-hayate,1.78,0.89,0.5
astrid-valhein,1.78,1.78,1.0
omen-sinestrea,1.78,0.89,0.5
aoi-iggy,1.78,1.78,1.0
astrid-krizzix,1.78,1.78,1.0
dolia-tamyn,1.78,0.89,0.5
omen-teemee,1.77,0.66,0.3729
moren-murad,1.77,0.66,0.3729
moren-ybneth,1.77,0.33,0.1864
stuart-yan,1.77,0.22,0.1243
baldum-iggy,1.77,0.66,0.3729
annette-enzo,1.77,0.66,0.3729
moren-nakroth,1.77,1.11,0.6271
heino-thane,1.77,1.22,0.6893
krizzix-skud,1.77,1.11,0.6271
baldum-fennik,1.77,1.22,0.6893
gildur-teemee,1.77,0.55,0.3107
annette-fennik,1.76,0.55,0.3125
gildur-hayate,1.76,1.32,0.75
fennik-murad,1.76,0.55,0.3125
volkath-yena,1.68,0.56,0.3333
eland'orr-gildur,1.68,1.12,0.6667
billow-volkath,1.68,0.56,0.3333
rouie-volkath,1.67,1.0,0.5988
taara-wonder woman,1.67,0.0,0.0
flowborn-krizzix,1.67,0.78,0.4671
omega-zephys,1.67,0.0,0.0
alice-tamyn,1.67,1.67,1.0
rouie-violet,1.67,1.67,1.0
hayate-xeniel,1.67,0.0,0.0
heino-zephys,1.67,0.89,0.5329
gildur-wisp,1.67,0.78,0.4671
aoi-florentino,1.67,1.45,0.8683
skud-yan,1.67,0.0,0.0
aoi-teemee,1.67,0.89,0.5329
butterfly-zata,1.67,0.78,0.4671
eland'orr-teemee,1.67,1.56,0.9341
eland'orr-liliana,1.67,1.67,1.0
violet-y'bneth,1.67,1.67,1.0
omen-violet,1.67,0.89,0.5329
rouie-ryoma,1.67,1.67,1.0
butterfly-mganga,1.67,1.56,0.9341
butterfly-skud,1.67,0.78,0.4671
heino-ryoma,1.67,1.34,0.8024
riktor-wiro,1.67,0.89,0.5329
cresht-heino,1.67,0.0,0.0
krizzix-mganga,1.66,0.89,0.5361
elsu-riktor,1.66,1.55,0.9337
skud-thane,1.66,0.33,0.1988
stuart-zuka,1.66,0.55,0.3313
riktor-zuka,1.66,1.66,1.0
chaugnar-mganga,1.66,0.77,0.4639
taara-volkath,1.66,1.33,0.8012
elandorr-volkath,1.66,1.0,0.6024
biron-dyadia,1.66,0.33,0.1988
chaugnar-marja,1.66,0.99,0.5964
riktor-taara,1.66,0.55,0.3313
marja-volkath,1.66,0.89,0.5361
ignis-mina,1.66,0.33,0.1988
enzo-murad,1.66,1.11,0.6687
krizzix-liliana,1.66,1.33,0.8012
baldum-valhein,1.65,1.1,0.6667
enzo-natalya,1.65,0.55,0.3333
krizzix-lorion,1.65,1.1,0.6667
elandorr-wisp,1.65,0.66,0.4
airi-ryoma,1.56,1.56,1.0
y'bneth-zata,1.56,0.78,0.5
volkath-wiro,1.56,1.56,1.0
aoi-ignis,1.56,0.0,0.0
ignis-wiro,1.56,0.78,0.5
butterfly-cresht,1.56,0.67,0.4295
omega-omen,1.56,0.78,0.5
y'bneth-zanis,1.56,0.67,0.4295
aoi-stuart,1.56,0.0,0.0
airi-gildur,1.56,0.78,0.5
alice-richter,1.56,0.78,0.5
eland'orr-ignis,1.56,1.56,1.0
alice-murad,1.56,1.56,1.0
eland'orr-krizzix,1.56,1.56,1.0
eland'orr-nakroth,1.56,0.67,0.4295
richter-stuart,1.56,0.78,0.5
thane-volkath,1.56,0.78,0.5
tachi-tel'annas,1.56,0.0,0.0
maloch-richter,1.56,1.56,1.0
billow-wiro,1.56,0.89,0.5705
flowborn mm-teemee,1.56,0.0,0.0
cresht-rouie,1.55,0.66,0.4258
maloch-taara,1.55,0.33,0.2129
mina-teemee,1.55,0.88,0.5677
aya-hayate,1.55,0.78,0.5032
nakroth-ybneth,1.55,0.0,0.0
edras-omen,1.55,1.22,0.7871
airi-enzo,1.55,0.11,0.071
capheny-gildur,1.55,0.22,0.1419
baldum-elandorr,1.55,0.33,0.2129
billow-edras,1.55,1.55,1.0
edras-krizzix,1.55,1.55,1.0
natalya-skud,1.55,0.44,0.2839
moren-sinestrea,1.55,0.33,0.2129
sephera-ybneth,1.55,0.33,0.2129
baldum-zephys,1.55,1.22,0.7871
wiro-yue,1.55,0.0,0.0
ignis-nakroth,1.55,0.78,0.5032
goverra-zuka,1.55,0.77,0.4968
natalya-tachi,1.54,0.88,0.5714
enzo-toro,1.54,0.88,0.5714
elandorr-valhein,1.54,0.66,0.4286
heino-qi,1.54,0.11,0.0714
capheny-florentino,1.54,0.99,0.6429
capheny-krizzix,1.54,0.66,0.4286
elsu-zephys,1.54,1.1,0.7143
violet-wonder woman,1.45,0.78,0.5379
butterfly-eland'orr,1.45,1.45,1.0
enzo-wonder woman,1.45,0.78,0.5379
eland'orr-zuka,1.45,0.56,0.3862
hayate-richter,1.45,0.89,0.6138
astrid-mganga,1.45,0.89,0.6138
edras-eland'orr,1.45,0.89,0.6138
alice-taara,1.45,0.78,0.5379
fennik-yue,1.44,0.66,0.4583
moren-zata,1.44,0.33,0.2292
omen-toro,1.44,0.33,0.2292
mganga-volkath,1.44,1.11,0.7708
gildur-toro,1.44,1.11,0.7708
aoi-lorion,1.44,0.66,0.4583
airi-fennik,1.44,0.0,0.0
heino-marja,1.44,0.66,0.4583
elandorr-zuka,1.44,0.33,0.2292
mganga-ybneth,1.43,0.77,0.5385
mganga-riktor,1.43,0.77,0.5385
elsu-murad,1.43,0.77,0.5385
krizzix-yena,1.43,0.66,0.4615
skud-zephys,1.43,0.66,0.4615
hayate-natalya,1.43,0.44,0.3077
fennik-mina,1.43,1.1,0.7692
chaugnar-zephys,1.43,1.1,0.7692
cresht-richter,1.34,0.0,0.0
eland'orr-thane,1.34,0.56,0.4179
richter-tachi,1.34,1.34,1.0
lorion-richter,1.34,0.0,0.0
enzo-tel'annas,1.34,0.56,0.4179
eland'orr-murad,1.34,0.67,0.5
goverra-omen,1.34,0.56,0.4179
billow-tel'annas,1.34,0.56,0.4179
eland'orr-flowborn,1.34,0.67,0.5
aoi-flowborn,1.34,0.56,0.4179
lorion-tel'annas,1.34,0.56,0.4179
eland'orr-volkath,1.34,1.34,1.0
capheny-xeniel,1.34,0.78,0.5821
dyadia-omen,1.34,0.56,0.4179
keera-mina,1.33,0.33,0.2481
capheny-natalya,1.33,0.44,0.3308
dyadia-riktor,1.33,0.44,0.3308
krizzix-qi,1.33,1.33,1.0
omen-volkath,1.33,0.33,0.2481
azzenka-billow,1.33,0.89,0.6692
airi-volkath,1.33,1.33,1.0
annette-edras,1.33,1.0,0.7519
yan-zata,1.33,0.0,0.0
florentino-yue,1.33,0.11,0.0827
aya-marja,1.33,1.33,1.0
mina-sinestrea,1.33,1.33,1.0
omen-zuka,1.33,0.33,0.2481
heino-wisp,1.33,0.33,0.2481
airi-taara,1.33,1.11,0.8346
dyadia-yena,1.33,0.89,0.6692
elandorr-murad,1.33,0.89,0.6692
violet-zuka,1.33,0.89,0.6692
goverra-wisp,1.33,0.44,0.3308
baldum-mganga,1.33,1.0,0.7519
ignis-riktor,1.33,0.0,0.0
enzo-maloch,1.33,0.22,0.1654
biron-zuka,1.33,0.78,0.5865
qi-tulen,1.33,0.0,0.0
mganga-moren,1.32,0.33,0.25
volkath-ybneth,1.32,0.99,0.75
biron-moren,1.32,0.33,0.25
edras-moren,1.32,0.66,0.5
lorion-moren,1.32,0.66,0.5
billow-moren,1.32,0.99,0.75
baldum-edras,1.32,0.66,0.5
edras-qi,1.32,0.66,0.5
aya-tachi,1.32,0.77,0.5833
keera-moren,1.32,0.99,0.75
krizzix-zephys,1.32,0.55,0.4167
liliana-xeniel,1.32,0.66,0.5
aya-skud,1.32,0.66,0.5
slimz-zata,1.32,0.66,0.5
baldum-rouie,1.32,0.66,0.5
baldum-tachi,1.32,0.77,0.5833
edras-riktor,1.32,0.66,0.5
omen-ybneth,1.32,0.66,0.5
raz-ryoma,1.32,0.88,0.6667
gildur-ybneth,1.32,0.88,0.6667
dolia-jinnar,1.32,0.66,0.5
elandorr-gildur,1.32,0.11,0.0833
telannas-ybneth,1.32,0.66,0.5
fennik-omen,1.32,0.33,0.25
capheny-dyadia,1.23,0.0,0.0
eland'orr-zephys,1.23,0.56,0.4553
dolia-max,1.23,0.56,0.4553
kriknak-y'bneth,1.23,1.23,1.0
enzo-omen,1.22,1.22,1.0
bolt baron-valhein,1.22,0.89,0.7295
krizzix-yue,1.22,0.33,0.2705
cresht-errol,1.22,0.33,0.2705
toro-volkath,1.22,0.89,0.7295
capheny-yan,1.22,0.22,0.1803
chaugnar-zuka,1.22,0.89,0.7295
liliana-omega,1.22,0.0,0.0
azzenka-dolia,1.22,0.89,0.7295
dolia-iggy,1.22,0.89,0.7295
annette-baldum,1.22,0.33,0.2705
eland'orr-maloch,1.22,1.22,1.0
ming-valhein,1.22,0.89,0.7295
dolia-toro,1.22,0.0,0.0
moren-tachi,1.22,0.0,0.0
ming-toro,1.22,1.22,1.0
baldum-yue,1.22,0.33,0.2705
annette-yan,1.22,0.22,0.1803
liliana-riktor,1.22,1.22,1.0
florentino-sephera,1.22,0.0,0.0
omen-yue,1.22,1.22,1.0
gildur-skud,1.22,0.89,0.7295
airi-marja,1.22,0.33,0.2705
marja-slimz,1.22,0.89,0.7295
biron-nakroth,1.22,0.0,0.0
qi-slimz,1.22,1.22,1.0
mina-wiro,1.22,0.33,0.2705
baldum-sinestrea,1.22,1.22,1.0
arum-yue,1.22,0.89,0.7295
omen-zephys,1.22,1.22,1.0
fennik-nakroth,1.22,0.33,0.2705
marja-xeniel,1.22,0.33,0.2705
dyadia-valhein,1.22,0.0,0.0
keera-tulen,1.22,0.0,0.0
enzo-yan,1.22,0.22,0.1803
elsu-yue,1.22,0.89,0.7295
tachi-xeniel,1.22,0.33,0.2705
capheny-goverra,1.22,0.44,0.3607
annette-zuka,1.22,0.33,0.2705
jinnar-keera,1.21,0.66,0.5455
ignis-maloch,1.21,0.33,0.2727
elsu-lorion,1.21,0.44,0.3636
elandorr-heino,1.21,0.44,0.3636
taara-yena,1.21,0.66,0.5455
iggy-maloch,1.21,0.0,0.0
keera-natalya,1.21,0.0,0.0
aya-stuart,1.21,0.66,0.5455
biron-taara,1.21,0.33,0.2727
natalya-valhein,1.21,0.44,0.3636
florentino-thane,1.21,0.44,0.3636
fennik-thane,1.21,0.55,0.4545
krixi-valhein,1.12,0.0,0.0
richter-y'bneth,1.12,0.56,0.5
keera-omega,1.11,0.78,0.7027
cresht-riktor,1.11,0.0,0.0
gildur-riktor,1.11,0.11,0.0991
murad-violet,1.11,0.0,0.0
elandorr-kahlii,1.11,0.0,0.0
azzenka-ybneth,1.11,1.11,1.0
nakroth-omen,1.11,0.0,0.0
ming-zuka,1.11,0.89,0.8018
billow-max,1.11,0.0,0.0
maloch-moren,1.11,1.11,1.0
florentino-zuka,1.11,1.11,1.0
aoi-valhein,1.11,0.22,0.1982
dolia-eland'orr,1.11,1.11,1.0
aoi-dolia,1.11,0.33,0.2973
omega-zata,1.11,0.33,0.2973
dyadia-lorion,1.11,0.0,0.0
nakroth-riktor,1.11,0.33,0.2973
annette-eland'orr,1.11,1.11,1.0
omega-valhein,1.11,0.33,0.2973
iggy-slimz,1.11,0.89,0.8018
rouie-yan,1.11,0.89,0.8018
aoi-maloch,1.11,0.33,0.2973
krizzix-riktor,1.11,0.89,0.8018
wiro-zata,1.11,1.11,1.0
natalya-zuka,1.11,0.33,0.2973
ignis-krizzix,1.11,1.11,1.0
heino-keera,1.11,0.22,0.1982
krizzix-toro,1.11,0.78,0.7027
hayate-heino,1.1,0.55,0.5
enzo-keera,1.1,0.33,0.3
gildur-keera,1.1,0.55,0.5
elsu-enzo,1.1,0.22,0.2
valhein-volkath,1.1,0.66,0.6
biron-krizzix,1.1,1.1,1.0
keera-yue,1.1,0.44,0.4
violet-yan,1.1,0.77,0.7
natalya-omen,1.1,0.22,0.2
natalya-sinestrea,1.1,0.44,0.4
aya-biron,1.1,0.0,0.0
elsu-maloch,1.1,0.11,0.1
elandorr-keera,1.1,0.77,0.7
heino-teemee,1.1,0.55,0.5
aoi-kahlii,1.0,0.0,0.0
dyadia-fennik,1.0,0.0,0.0
murad-y'bneth,1.0,0.67,0.67
natalya-y'bneth,1.0,0.11,0.11
cresht-mganga,1.0,0.78,0.78
iggy-yan,1.0,0.0,0.0
yan-yena,1.0,0.0,0.0
heino-taara,1.0,0.22,0.22
natalya-stuart,1.0,0.22,0.22
elandorr-krizzix,1.0,1.0,1.0
annette-chaugnar,1.0,0.33,0.33
kriknak-lorion,1.0,0.67,0.67
airi-heino,1.0,0.11,0.11
azzenka-elandorr,1.0,0.89,0.89
nakroth-xeniel,1.0,0.22,0.22
ignis-y'bneth,1.0,1.0,1.0
ryoma-taara,1.0,0.22,0.22
tulen-valhein,1.0,0.11,0.11
goverra-keera,1.0,0.0,0.0
murad-sinestrea,1.0,0.0,0.0
moren-teemee,0.99,0.99,1.0
omen-rouie,0.99,0.66,0.6667
qi-ryoma,0.99,0.66,0.6667
murad-taara,0.99,0.33,0.3333
annette-riktor,0.99,0.77,0.7778
moren-zuka,0.99,0.33,0.3333
lorion-telannas,0.99,0.66,0.6667
elsu-yena,0.99,0.55,0.5556
cresht-murad,0.99,0.33,0.3333
iggy-moren,0.99,0.0,0.0
baldum-florentino,0.99,0.66,0.6667
florentino-xeniel,0.99,0.33,0.3333
krizzix-taara,0.99,0.99,1.0
gildur-sinestrea,0.99,0.22,0.2222
ignis-zuka,0.99,0.33,0.3333
roxie-sinestrea,0.99,0.99,1.0
krizzix-murad,0.99,0.33,0.3333
enzo-moren,0.99,0.33,0.3333
ryoma-zuka,0.99,0.99,1.0
jinnar-maloch,0.99,0.66,0.6667
ignis-moren,0.99,0.66,0.6667
elandorr-moren,0.99,0.33,0.3333
mina-taara,0.99,0.99,1.0
edras-murad,0.99,0.33,0.3333
marja-yena,0.99,0.66,0.6667
violet-zip,0.99,0.66,0.6667
moren-qi,0.99,0.33,0.3333
florentino-tamyn,0.89,0.89,1.0
capheny-max,0.89,0.0,0.0
annette-y'bneth,0.89,0.89,1.0
astrid-slimz,0.89,0.89,1.0
butterfly-rouie,0.89,0.0,0.0
airi-chaugnar,0.89,0.89,1.0
ata-lorion,0.89,0.11,0.1236
butterfly-lorion,0.89,0.0,0.0
elsu-skud,0.89,0.11,0.1236
mina-xeniel,0.89,0.0,0.0
rouie-tamyn,0.89,0.89,1.0
annette-omega,0.89,0.0,0.0
elandorr-sephera,0.89,0.0,0.0
eland'orr-yan,0.89,0.89,1.0
enzo-richter,0.89,0.78,0.8764
astrid-baldum,0.89,0.0,0.0
airi-yan,0.89,0.89,1.0
chaugnar-wisp,0.89,0.33,0.3708
aya-elsu,0.89,0.89,1.0
mganga-wiro,0.89,0.0,0.0
flowborn-omen,0.89,0.0,0.0
richter-sinestrea,0.89,0.89,1.0
chaugnar-slimz,0.89,0.89,1.0
ilumia-sinestrea,0.89,0.0,0.0
ilumia-skud,0.89,0.0,0.0
iggy-max,0.89,0.89,1.0
max-taara,0.89,0.89,1.0
biron-darcy,0.89,0.89,1.0
annette-darcy,0.89,0.89,1.0
fennik-ilumia,0.89,0.0,0.0
maloch-max,0.89,0.0,0.0
max-ybneth,0.89,0.89,1.0
murad-skud,0.89,0.89,1.0
alice-zuka,0.89,0.0,0.0
edras-flowborn,0.89,0.0,0.0
annette-max,0.89,0.0,0.0
alice-elsu,0.89,0.0,0.0
dyadia-flowborn,0.89,0.89,1.0
dyadia-tachi,0.89,0.89,1.0
toro-wiro,0.89,0.89,1.0
ignis-omen,0.89,0.11,0.1236
fennik-zuka,0.89,0.0,0.0
ignis-xeniel,0.89,0.0,0.0
ming-yue,0.89,0.89,1.0
natalya-tamyn,0.89,0.89,1.0
airi-max,0.89,0.0,0.0
arum-liliana,0.89,0.0,0.0
arum-omen,0.89,0.0,0.0
astrid-omen,0.89,0.0,0.0
darcy-ignis,0.89,0.0,0.0
darcy-valhein,0.89,0.0,0.0
ming-wisp,0.89,0.89,1.0
darcy-marja,0.89,0.0,0.0
azzenka-marja,0.89,0.89,1.0
dyadia-teemee,0.89,0.89,1.0
hayate-omega,0.89,0.0,0.0
biron-cresht,0.89,0.89,1.0
azzenka-tachi,0.89,0.89,1.0
alice-fennik,0.89,0.89,1.0
gildur-tamyn,0.89,0.0,0.0
eland'orr-tamyn,0.89,0.0,0.0
omen-thane,0.89,0.89,1.0
enzo-tamyn,0.89,0.0,0.0
goverra-qi,0.89,0.0,0.0
astrid-maloch,0.89,0.89,1.0
astrid-florentino,0.89,0.89,1.0
chaugnar-ryoma,0.89,0.89,1.0
goverra-teemee,0.89,0.0,0.0
qi-tamyn,0.89,0.0,0.0
aoi-thane,0.89,0.0,0.0
aoi-zata,0.89,0.0,0.0
flowborn-max,0.89,0.0,0.0
krizzix-max,0.89,0.0,0.0
liliana-zuka,0.89,0.89,1.0
chaugnar-mina,0.89,0.89,1.0
dyadia-iggy,0.89,0.33,0.3708
enzo-mina,0.89,0.0,0.0
maloch-ybneth,0.89,0.67,0.7528
edras-tamyn,0.89,0.89,1.0
chaugnar-tulen,0.89,0.0,0.0
kahlii-marja,0.89,0.89,1.0
astrid-stuart,0.89,0.89,1.0
ming-zephys,0.89,0.56,0.6292
airi-azzenka,0.89,0.89,1.0
alice-mina,0.89,0.89,1.0
chaugnar-florentino,0.89,0.0,0.0
lorion-omega,0.89,0.0,0.0
flowborn-tamyn,0.89,0.89,1.0
annette-butterfly,0.89,0.0,0.0
taara-tamyn,0.89,0.0,0.0
dolia-ilumia,0.89,0.0,0.0
roxie-volkath,0.89,0.56,0.6292
roxie-zata,0.89,0.89,1.0
butterfly-maloch,0.89,0.0,0.0
butterfly-moren,0.89,0.0,0.0
hayate-zanis,0.89,0.0,0.0
alice-zanis,0.89,0.0,0.0
chaugnar-edras,0.89,0.89,1.0
dyadia-tamyn,0.89,0.0,0.0
butterfly-riktor,0.89,0.0,0.0
butterfly-dyadia,0.89,0.89,1.0
raz-violet,0.89,0.89,1.0
taara-thane,0.89,0.33,0.3708
eland'orr-wonder woman,0.89,0.0,0.0
wiro-wonder woman,0.89,0.0,0.0
tamyn-yena,0.89,0.0,0.0
azzenka-flowborn,0.89,0.89,1.0
arum-taara,0.89,0.89,1.0
liliana-wiro,0.89,0.89,1.0
rouie-wonder woman,0.89,0.0,0.0
liliana-sephera,0.89,0.0,0.0
maloch-zuka,0.89,0.0,0.0
keera-zanis,0.89,0.0,0.0
bolt baron-cresht,0.89,0.89,1.0
annette-bolt baron,0.89,0.89,1.0
astrid-heino,0.89,0.0,0.0
astrid-elsu,0.89,0.89,1.0
butterfly-dolia,0.89,0.0,0.0
bolt baron-yena,0.89,0.89,1.0
dyadia-toro,0.89,0.0,0.0
dyadia-zephys,0.89,0.0,0.0
darcy-elandorr,0.89,0.89,1.0
biron-eland'orr,0.89,0.89,1.0
billow-heino,0.88,0.44,0.5
nakroth-rouie,0.88,0.88,1.0
goverra-tachi,0.88,0.33,0.375
natalya-qi,0.88,0.44,0.5
stuart-xeniel,0.88,0.88,1.0
heino-tachi,0.88,0.55,0.625
capheny-heino,0.88,0.33,0.375
heino-ybneth,0.88,0.22,0.25
ignis-slimz,0.88,0.66,0.75
florentino-slimz,0.88,0.33,0.375
heino-mina,0.88,0.22,0.25
mina-valhein,0.88,0.55,0.625
dyadia-yan,0.88,0.44,0.5
goverra-hayate,0.88,0.88,1.0
aya-valhein,0.88,0.33,0.375
max-qi,0.78,0.56,0.7179
billow-dyadia,0.78,0.78,1.0
dyadia-wisp,0.78,0.78,1.0
maloch-xeniel,0.78,0.78,1.0
butterfly-krizzix,0.78,0.78,1.0
dolia-wonder woman,0.78,0.0,0.0
butterfly-qi,0.78,0.0,0.0
richter-zephys,0.78,0.78,1.0
kahlii-taara,0.78,0.0,0.0
ryoma-wonder woman,0.78,0.78,1.0
richter-yue,0.78,0.78,1.0
kahlii-riktor,0.78,0.0,0.0
marja-omega,0.78,0.0,0.0
mina-y'bneth,0.78,0.78,1.0
krizzix-mina,0.78,0.78,1.0
iggy-omega,0.78,0.78,1.0
capheny-wonder woman,0.78,0.0,0.0
azzen'ka-omega,0.78,0.0,0.0
dyadia-marja,0.78,0.78,1.0
wonder woman-zata,0.78,0.0,0.0
rouie-y'bneth,0.78,0.78,1.0
laville-yena,0.78,0.0,0.0
laville-nakroth,0.78,0.0,0.0
laville-zata,0.78,0.0,0.0
laville-y'bneth,0.78,0.0,0.0
alice-wisp,0.78,0.78,1.0
enzo-teemee,0.78,0.0,0.0
nakroth-tachi,0.78,0.78,1.0
cresht-moren,0.78,0.78,1.0
cresht-maloch,0.78,0.78,1.0
flowborn-hayate,0.78,0.0,0.0
baldum-eland'orr,0.78,0.0,0.0
ata-eland'orr,0.78,0.0,0.0
ata-cresht,0.78,0.0,0.0
airi-azzen'ka,0.78,0.0,0.0
riktor-xeniel,0.78,0.0,0.0
butterfly-taara,0.78,0.78,1.0
arthur-qi,0.78,0.0,0.0
dyadia-qi,0.78,0.0,0.0
arthur-mganga,0.78,0.0,0.0
arthur-elandorr,0.78,0.0,0.0
mina-volkath,0.78,0.78,1.0
liliana-wonder woman,0.78,0.78,1.0
arthur-dyadia,0.78,0.0,0.0
kahlii-maloch,0.78,0.0,0.0
butterfly-ryoma,0.78,0.78,1.0
alice-flowborn mm,0.78,0.0,0.0
skud-tel'annas,0.78,0.0,0.0
nakroth-omega,0.78,0.0,0.0
azzen'ka-valhein,0.78,0.0,0.0
azzen'ka-nakroth,0.78,0.0,0.0
airi-omega,0.78,0.0,0.0
ata-taara,0.78,0.0,0.0
aoi-richter,0.78,0.0,0.0
heino-volkath,0.78,0.78,1.0
flowborn-kahlii,0.78,0.0,0.0
mina-tel'annas,0.78,0.0,0.0
tel'annas-zata,0.78,0.0,0.0
alice-yue,0.78,0.78,1.0
murad-yue,0.78,0.78,1.0
aoi-wiro,0.78,0.0,0.0
murad-wiro,0.78,0.0,0.0
yan-zuka,0.78,0.0,0.0
wisp-yan,0.78,0.0,0.0
goverra-omega,0.78,0.0,0.0
omega-zuka,0.78,0.0,0.0
capheny-flowborn,0.78,0.0,0.0
flowborn mm-ignis,0.78,0.0,0.0
arthur-aya,0.78,0.78,1.0
arthur-hayate,0.78,0.78,1.0
dyadia-richter,0.78,0.0,0.0
butterfly-teemee,0.78,0.78,1.0
tamyn-toro,0.78,0.0,0.0
aoi-murad,0.78,0.0,0.0
omega-tel'annas,0.78,0.0,0.0
aoi-dyadia,0.78,0.0,0.0
butterfly-richter,0.78,0.78,1.0
eland'orr-valhein,0.78,0.78,1.0
krizzix-richter,0.78,0.78,1.0
annette-tel'annas,0.78,0.0,0.0
flowborn mm-keera,0.78,0.0,0.0
flowborn mm-qi,0.78,0.0,0.0
capheny-omega,0.78,0.0,0.0
alice-mganga,0.78,0.78,1.0
toro-y'bneth,0.78,0.0,0.0
flowborn mm-taara,0.78,0.0,0.0
nakroth-natalya,0.78,0.0,0.0
eland'orr-natalya,0.78,0.0,0.0
flowborn-richter,0.78,0.78,1.0
flowborn mm-omen,0.78,0.0,0.0
butterfly-yena,0.78,0.78,1.0
alice-ybneth,0.78,0.0,0.0
airi-arthur,0.78,0.78,1.0
marja-tel'annas,0.78,0.0,0.0
richter-rouie,0.78,0.78,1.0
arthur-sinestrea,0.78,0.78,1.0
wiro-zuka,0.78,0.78,1.0
tel'annas-yan,0.78,0.0,0.0
tachi-yan,0.78,0.0,0.0
teemee-toro,0.78,0.0,0.0
volkath-zanis,0.78,0.78,1.0
baldum-mina,0.78,0.0,0.0
eland'orr-sinestrea,0.78,0.78,1.0
iggy-zanis,0.78,0.78,1.0
iggy-volkath,0.78,0.78,1.0
wiro-zanis,0.78,0.78,1.0
flowborn-zanis,0.78,0.78,1.0
butterfly-thane,0.78,0.78,1.0
krizzix-zuka,0.77,0.55,0.7143
billow-natalya,0.77,0.33,0.4286
florentino-goverra,0.77,0.44,0.5714
azzenka-toro,0.77,0.33,0.4286
ignis-volkath,0.77,0.0,0.0
dolia-yan,0.77,0.0,0.0
heino-maloch,0.77,0.22,0.2857
raz-teemee,0.77,0.33,0.4286
capheny-raz,0.77,0.33,0.4286
slimz-toro,0.77,0.33,0.4286
sinestrea-slimz,0.77,0.66,0.8571
aya-mganga,0.77,0.66,0.8571
heino-sinestrea,0.77,0.66,0.8571
aya-wisp,0.77,0.66,0.8571
raz-tachi,0.77,0.55,0.7143
krizzix-sinestrea,0.77,0.44,0.5714
taara-tulen,0.77,0.33,0.4286
flowborn-kriknak,0.67,0.67,1.0
kriknak-qi,0.67,0.67,1.0
dyadia-volkath,0.67,0.0,0.0
nakroth-zanis,0.67,0.67,1.0
eland'orr-keera,0.67,0.0,0.0
kriknak-richter,0.67,0.67,1.0
gildur-stuart,0.67,0.67,1.0
eland'orr-stuart,0.67,0.56,0.8358
lorion-zanis,0.67,0.67,1.0
max-skud,0.67,0.0,0.0
florentino-krixi,0.67,0.0,0.0
capheny-richter,0.67,0.67,1.0
goverra-valhein,0.67,0.56,0.8358
enzo-krixi,0.67,0.0,0.0
eland'orr-florentino,0.67,0.0,0.0
krixi-zephys,0.67,0.0,0.0
billow-kahlii,0.67,0.67,1.0
alice-dyadia,0.67,0.0,0.0
elsu-nakroth,0.67,0.0,0.0
alice-valhein,0.67,0.0,0.0
eland'orr-krixi,0.67,0.0,0.0
florentino-volkath,0.67,0.67,1.0
alice-liliana,0.67,0.0,0.0
taara-y'bneth,0.67,0.56,0.8358
alice-zata,0.67,0.0,0.0
mganga-wonder woman,0.67,0.0,0.0
wisp-zanis,0.67,0.67,1.0
kahlii-y'bneth,0.67,0.67,1.0
capheny-kahlii,0.67,0.67,1.0
alice-omen,0.67,0.0,0.0
iggy-richter,0.67,0.67,1.0
skud-wonder woman,0.67,0.0,0.0
mina-omen,0.66,0.66,1.0
aya-heino,0.66,0.33,0.5
errol-marja,0.66,0.0,0.0
errol-zata,0.66,0.33,0.5
errol-fennik,0.66,0.33,0.5
cresht-fennik,0.66,0.66,1.0
fennik-raz,0.66,0.33,0.5
enzo-raz,0.66,0.0,0.0
heino-skud,0.66,0.44,0.6667
aya-nakroth,0.66,0.33,0.5
qi-telannas,0.66,0.33,0.5
iggy-telannas,0.66,0.33,0.5
telannas-zephys,0.66,0.33,0.5
marja-zip,0.66,0.0,0.0
dolia-omen,0.66,0.33,0.5
slimz-taara,0.66,0.66,1.0
chaugnar-ignis,0.66,0.33,0.5
biron-yan,0.66,0.0,0.0
arduin-capheny,0.66,0.0,0.0
errol-hayate,0.66,0.0,0.0
florentino-moren,0.66,0.0,0.0
ilumia-keera,0.66,0.66,1.0
mganga-rouie,0.66,0.33,0.5
natalya-yena,0.66,0.66,1.0
riktor-teemee,0.66,0.66,1.0
edras-slimz,0.66,0.33,0.5
kriknak-taara,0.66,0.66,1.0
kriknak-zata,0.66,0.66,1.0
moren-yena,0.66,0.33,0.5
jinnar-qi,0.66,0.33,0.5
marja-telannas,0.66,0.33,0.5
biron-murad,0.66,0.66,1.0
bolt baron-elsu,0.66,0.33,0.5
lorion-sephera,0.66,0.33,0.5
capheny-sephera,0.66,0.66,1.0
rouie-thorne,0.66,0.44,0.6667
bolt baron-tachi,0.66,0.33,0.5
baldum-wisp,0.66,0.33,0.5
aoi-ybneth,0.66,0.66,1.0
aoi-hayate,0.66,0.66,1.0
iggy-roxie,0.66,0.66,1.0
telannas-toro,0.66,0.33,0.5
gildur-ignis,0.66,0.33,0.5
edras-gildur,0.66,0.33,0.5
mina-murad,0.66,0.0,0.0
aya-zata,0.66,0.33,0.5
annette-iggy,0.66,0.66,1.0
dolia-zanis,0.66,0.33,0.5
moren-zanis,0.66,0.33,0.5
baldum-toro,0.66,0.66,1.0
dolia-raz,0.66,0.33,0.5
fennik-volkath,0.66,0.33,0.5
capheny-tulen,0.66,0.0,0.0
omega-riktor,0.66,0.66,1.0
liliana-murad,0.66,0.0,0.0
tachi-telannas,0.66,0.0,0.0
elandorr-xeniel,0.66,0.0,0.0
enzo-errol,0.66,0.33,0.5
aoi-capheny,0.66,0.33,0.5
aoi-enzo,0.66,0.33,0.5
zephys-zip,0.66,0.66,1.0
zanis-zephys,0.66,0.33,0.5
yue-zanis,0.66,0.33,0.5
aya-moren,0.66,0.33,0.5
aya-zephys,0.66,0.0,0.0
skud-telannas,0.66,0.0,0.0
elandorr-telannas,0.66,0.33,0.5
capheny-helen,0.66,0.55,0.8333
heino-valhein,0.66,0.33,0.5
errol-taara,0.66,0.0,0.0
aya-riktor,0.66,0.0,0.0
dolia-sephera,0.66,0.33,0.5
slimz-ybneth,0.66,0.66,1.0
teemee-volkath,0.66,0.66,1.0
annette-mganga,0.66,0.33,0.5
roxie-toro,0.66,0.33,0.5
moren-volkath,0.66,0.33,0.5
yena-yue,0.66,0.33,0.5
aya-liliana,0.66,0.66,1.0
erin-toro,0.66,0.33,0.5
volkath-yue,0.66,0.33,0.5
natalya-volkath,0.66,0.33,0.5
maloch-natalya,0.66,0.33,0.5
gildur-zuka,0.66,0.66,1.0
fennik-heino,0.66,0.44,0.6667
maloch-mina,0.66,0.0,0.0
annette-omen,0.66,0.33,0.5
chaugnar-omen,0.66,0.66,1.0
edras-tulen,0.66,0.33,0.5
krixi-murad,0.56,0.0,0.0
aoi-y'bneth,0.56,0.56,1.0
baldum-volkath,0.56,0.0,0.0
krixi-qi,0.56,0.0,0.0
dyadia-natalya,0.56,0.0,0.0
dyadia-zuka,0.56,0.0,0.0
krixi-toro,0.56,0.0,0.0
volkath-yan,0.56,0.0,0.0
billow-chaugnar,0.56,0.56,1.0
omen-raz,0.56,0.56,1.0
butterfly-omen,0.56,0.56,1.0
aya-flowborn,0.56,0.0,0.0
butterfly-raz,0.56,0.56,1.0
eland'orr-kriknak,0.56,0.56,1.0
slimz-zephys,0.56,0.56,1.0
eland'orr-ryoma,0.56,0.0,0.0
max-stuart,0.56,0.56,1.0
mganga-slimz,0.56,0.56,1.0
astrid-richter,0.56,0.0,0.0
slimz-y'bneth,0.56,0.56,1.0
azzen'ka-yena,0.56,0.56,1.0
astrid-azzen'ka,0.56,0.56,1.0
azzen'ka-violet,0.56,0.56,1.0
azzen'ka-dolia,0.56,0.56,1.0
richter-volkath,0.56,0.0,0.0
gildur-volkath,0.56,0.56,1.0
airi-errol,0.56,0.0,0.0
errol-rouie,0.56,0.0,0.0
errol-flowborn,0.56,0.0,0.0
goverra-zephys,0.56,0.56,1.0
ming-omen,0.56,0.56,1.0
azzen'ka-wiro,0.56,0.0,0.0
florentino-natalya,0.56,0.0,0.0
azzen'ka-wisp,0.56,0.0,0.0
astrid-gildur,0.56,0.0,0.0
goverra-ming,0.56,0.56,1.0
keera-richter,0.56,0.56,1.0
krixi-ryoma,0.56,0.0,0.0
krixi-taara,0.56,0.0,0.0
dyadia-raz,0.56,0.56,1.0
baldum-richter,0.56,0.56,1.0
krixi-thane,0.56,0.0,0.0
edras-richter,0.56,0.0,0.0
azzen'ka-marja,0.56,0.0,0.0
azzen'ka-sinestrea,0.56,0.0,0.0
y'bneth-zuka,0.56,0.56,1.0
edras-volkath,0.56,0.56,1.0
gildur-roxie,0.56,0.0,0.0
roxie-zephys,0.56,0.0,0.0
flowborn-roxie,0.56,0.0,0.0
gildur-richter,0.56,0.56,1.0
roxie-yena,0.56,0.56,1.0
eland'orr-roxie,0.56,0.56,1.0
florentino-tel'annas,0.56,0.56,1.0
roxie-ryoma,0.56,0.0,0.0
gildur-kriknak,0.56,0.56,1.0
flowborn-zuka,0.56,0.0,0.0
charlotte-toro,0.55,0.0,0.0
mganga-xeniel,0.55,0.22,0.4
errol-ignis,0.55,0.0,0.0
wiro-yena,0.55,0.22,0.4
qi-yan,0.55,0.0,0.0
florentino-gildur,0.55,0.33,0.6
murad-yan,0.55,0.22,0.4
annette-ignis,0.55,0.0,0.0
bolt baron-enzo,0.55,0.0,0.0
mina-yena,0.55,0.55,1.0
arduin-ignis,0.55,0.0,0.0
murad-zuka,0.55,0.55,1.0
aoi-liliana,0.55,0.22,0.4
marja-skud,0.55,0.44,0.8
azzenka-ryoma,0.55,0.55,1.0
azzenka-wisp,0.55,0.55,1.0
krizzix-wisp,0.55,0.22,0.4
florentino-wiro,0.55,0.22,0.4
bolt baron-lorion,0.55,0.0,0.0
mganga-zuka,0.55,0.33,0.6
elsu-ryoma,0.55,0.0,0.0
florentino-murad,0.55,0.0,0.0
raz-stuart,0.55,0.0,0.0
annette-aya,0.55,0.33,0.6
ming-qi,0.55,0.0,0.0
goverra-ryoma,0.55,0.33,0.6
errol-stuart,0.55,0.0,0.0
biron-raz,0.55,0.33,0.6
krizzix-omen,0.55,0.33,0.6
bolt baron-iggy,0.55,0.33,0.6
errol-ybneth,0.55,0.0,0.0
arduin-rouie,0.55,0.22,0.4
murad-natalya,0.55,0.22,0.4
elsu-mganga,0.55,0.22,0.4
marja-raz,0.55,0.22,0.4
thane-yan,0.55,0.0,0.0
kahlii-stuart,0.55,0.0,0.0
heino-murad,0.55,0.55,1.0
dolia-heino,0.55,0.55,1.0
grakk-riktor,0.55,0.44,0.8
goverra-sinestrea,0.55,0.44,0.8
valhein-xeniel,0.55,0.22,0.4
annette-rouie,0.55,0.33,0.6
capheny-grakk,0.55,0.44,0.8
toro-ybneth,0.55,0.33,0.6
annette-lorion,0.55,0.22,0.4
raz-thane,0.55,0.0,0.0
billow-raz,0.55,0.55,1.0
capheny-ming,0.44,0.0,0.0
natalya-zephys,0.44,0.33,0.75
kriknak-thane,0.44,0.33,0.75
kriknak-valhein,0.44,0.33,0.75
aya-iggy,0.44,0.0,0.0
aya-ignis,0.44,0.11,0.25
baldum-lorion,0.44,0.22,0.5
thorne-ybneth,0.44,0.0,0.0
grakk-lorion,0.44,0.44,1.0
azzenka-qi,0.44,0.33,0.75
aya-keera,0.44,0.0,0.0
enzo-tulen,0.44,0.11,0.25
hayate-tulen,0.44,0.33,0.75
baldum-skud,0.44,0.0,0.0
airi-murad,0.44,0.44,1.0
mganga-ming,0.44,0.44,1.0
gildur-liliana,0.44,0.0,0.0
goverra-krizzix,0.44,0.44,1.0
natalya-ryoma,0.44,0.33,0.75
volkath-zuka,0.44,0.0,0.0
krizzix-thorne,0.44,0.44,1.0
biron-marja,0.44,0.0,0.0
riktor-yan,0.44,0.44,1.0
goverra-toro,0.44,0.33,0.75
omega-tachi,0.44,0.0,0.0
florentino-omega,0.44,0.0,0.0
mina-telannas,0.44,0.11,0.25
omega-wisp,0.44,0.0,0.0
florentino-thorne,0.44,0.44,1.0
telannas-yue,0.44,0.11,0.25
billow-grakk,0.44,0.44,1.0
baldum-ryoma,0.44,0.44,1.0
kriknak-skud,0.44,0.44,1.0
omen-skud,0.44,0.44,1.0
krizzix-tachi,0.44,0.11,0.25
keera-thorne,0.44,0.44,1.0
biron-gildur,0.44,0.0,0.0
fennik-gildur,0.44,0.0,0.0
goverra-marja,0.44,0.44,1.0
goverra-murad,0.44,0.33,0.75
ilumia-violet,0.44,0.44,1.0
biron-ilumia,0.44,0.44,1.0
raz-zephys,0.44,0.0,0.0
chaugnar-toro,0.44,0.44,1.0
goverra-mina,0.44,0.44,1.0
ilumia-krizzix,0.44,0.44,1.0
fennik-natalya,0.44,0.22,0.5
fennik-yan,0.44,0.22,0.5
biron-heino,0.44,0.44,1.0
raz-ybneth,0.44,0.44,1.0
rouie-wonderwoman,0.44,0.22,0.5
skud-xeniel,0.44,0.44,1.0
elsu-teemee,0.33,0.11,0.3333
airi-zuka,0.33,0.33,1.0
raz-valhein,0.33,0.22,0.6667
ming-nakroth,0.33,0.33,1.0
kriknak-riktor,0.33,0.22,0.6667
marja-roxie,0.33,0.0,0.0
roxie-tachi,0.33,0.0,0.0
natalya-roxie,0.33,0.0,0.0
roxie-valhein,0.33,0.0,0.0
bolt baron-heino,0.33,0.0,0.0
bolt baron-elandorr,0.33,0.0,0.0
cresht-roxie,0.33,0.33,1.0
hayate-roxie,0.33,0.33,1.0
elsu-zuka,0.33,0.33,1.0
xeniel-yena,0.33,0.0,0.0
moren-rouie,0.33,0.33,1.0
charlotte-rouie,0.33,0.0,0.0
charlotte-sinestrea,0.33,0.0,0.0
aoi-skud,0.33,0.33,1.0
omen-qi,0.33,0.33,1.0
dyadia-edras,0.33,0.0,0.0
dyadia-murad,0.33,0.0,0.0
alice-lorion,0.33,0.0,0.0
elandorr-raz,0.33,0.0,0.0
raz-volkath,0.33,0.0,0.0
biron-omen,0.33,0.33,1.0
capheny-zip,0.33,0.0,0.0
annette-zip,0.33,0.0,0.0
taara-zip,0.33,0.0,0.0
edras-telannas,0.33,0.33,1.0
roxie-ybneth,0.33,0.33,1.0
roxie-telannas,0.33,0.33,1.0
helen-mganga,0.33,0.0,0.0
helen-sinestrea,0.33,0.0,0.0
helen-ryoma,0.33,0.0,0.0
fennik-wiro,0.33,0.0,0.0
arduin-edras,0.33,0.0,0.0
arduin-mina,0.33,0.0,0.0
elandorr-jinnar,0.33,0.0,0.0
bolt baron-ignis,0.33,0.0,0.0
billow-bolt baron,0.33,0.0,0.0
dolia-gildur,0.33,0.0,0.0
aya-capheny,0.33,0.0,0.0
chaugnar-yue,0.33,0.33,1.0
telannas-thane,0.33,0.0,0.0
thane-tulen,0.33,0.0,0.0
telannas-tulen,0.33,0.0,0.0
tulen-zephys,0.33,0.0,0.0
sephera-skud,0.33,0.33,1.0
sinestrea-xeniel,0.33,0.33,1.0
billow-telannas,0.33,0.33,1.0
murad-telannas,0.33,0.33,1.0
elsu-sephera,0.33,0.0,0.0
iggy-sephera,0.33,0.0,0.0
azzenka-hayate,0.33,0.0,0.0
helen-valhein,0.33,0.0,0.0
airi-telannas,0.33,0.0,0.0
kriknak-stuart,0.33,0.33,1.0
airi-kriknak,0.33,0.33,1.0
jinnar-stuart,0.33,0.0,0.0
jinnar-tachi,0.33,0.0,0.0
dolia-murad,0.33,0.33,1.0
hayate-kriknak,0.33,0.33,1.0
ryoma-yena,0.33,0.0,0.0
edras-roxie,0.33,0.33,1.0
aya-richter,0.33,0.33,1.0
murad-richter,0.33,0.33,1.0
fennik-ryoma,0.33,0.0,0.0
aya-ryoma,0.33,0.0,0.0
chaugnar-nakroth,0.33,0.33,1.0
chaugnar-zata,0.33,0.0,0.0
chaugnar-taara,0.33,0.0,0.0
errol-qi,0.33,0.33,1.0
dolia-erin,0.33,0.0,0.0
erin-iggy,0.33,0.0,0.0
billow-erin,0.33,0.0,0.0
erin-riktor,0.33,0.0,0.0
teemee-tulen,0.33,0.0,0.0
kahlii-omega,0.33,0.0,0.0
kahlii-keera,0.33,0.0,0.0
baldum-telannas,0.33,0.0,0.0
sephera-stuart,0.33,0.0,0.0
biron-sephera,0.33,0.0,0.0
lorion-slimz,0.33,0.33,1.0
airi-biron,0.33,0.0,0.0
ryoma-slimz,0.33,0.33,1.0
edras-omega,0.33,0.33,1.0
dolia-telannas,0.33,0.0,0.0
aoi-ryoma,0.33,0.33,1.0
annette-aoi,0.33,0.33,1.0
goverra-y'bneth,0.33,0.33,1.0
baldum-nakroth,0.33,0.33,1.0
y'bneth-yue,0.33,0.0,0.0
raz-sinestrea,0.33,0.0,0.0
airi-raz,0.33,0.0,0.0
errol-wisp,0.33,0.33,1.0
errol-liliana,0.33,0.33,1.0
lubu-rouie,0.33,0.0,0.0
airi-lubu,0.33,0.0,0.0
chaugnar-telannas,0.33,0.33,1.0
liliana-telannas,0.33,0.0,0.0
fennik-telannas,0.33,0.0,0.0
elsu-veres,0.33,0.0,0.0
veres-zata,0.33,0.0,0.0
biron-veres,0.33,0.0,0.0
ming-zata,0.33,0.0,0.0
edras-zephys,0.33,0.33,1.0
dolia-veres,0.33,0.0,0.0
omega-skud,0.33,0.0,0.0
kahlii-skud,0.33,0.0,0.0
moren-riktor,0.33,0.0,0.0
mganga-telannas,0.33,0.0,0.0
annette-richter,0.33,0.33,1.0
elsu-richter,0.33,0.33,1.0
helen-marja,0.33,0.33,1.0
aya-errol,0.33,0.0,0.0
erin-mganga,0.33,0.33,1.0
eland'orr-erin,0.33,0.33,1.0
erin-yena,0.33,0.33,1.0
moren-taara,0.33,0.0,0.0
aoi-eland'orr,0.33,0.33,1.0
butterfly-fennik,0.33,0.33,1.0
aya-butterfly,0.33,0.33,1.0
lubu-tachi,0.33,0.33,1.0
roxie-wisp,0.33,0.0,0.0
roxie-yue,0.33,0.0,0.0
elsu-erin,0.33,0.0,0.0
erin-tachi,0.33,0.0,0.0
erin-marja,0.33,0.0,0.0
lubu-maloch,0.33,0.0,0.0
hayate-lubu,0.33,0.0,0.0
errol-iggy,0.33,0.0,0.0
dolia-slimz,0.33,0.0,0.0
nakroth-slimz,0.33,0.0,0.0
ignis-telannas,0.33,0.33,1.0
airi-moren,0.33,0.33,1.0
ming-stuart,0.33,0.0,0.0
biron-errol,0.33,0.0,0.0
errol-florentino,0.33,0.33,1.0
ryoma-skud,0.33,0.33,1.0
thane-yue,0.33,0.0,0.0
rouie-zata,0.33,0.0,0.0
jinnar-moren,0.33,0.33,1.0
bolt baron-taara,0.33,0.33,1.0
bolt baron-stuart,0.33,0.33,1.0
skud-tulen,0.33,0.0,0.0
cresht-florentino,0.33,0.33,1.0
roxie-stuart,0.33,0.33,1.0
florentino-wukong,0.33,0.33,1.0
bolt baron-thane,0.33,0.33,1.0
bolt baron-liliana,0.33,0.33,1.0
bolt baron-sinestrea,0.33,0.33,1.0
elandorr-yan,0.33,0.0,0.0
krizzix-slimz,0.33,0.33,1.0
keera-slimz,0.33,0.33,1.0
dolia-natalya,0.33,0.0,0.0
hayate-helen,0.33,0.33,1.0
helen-yue,0.33,0.33,1.0
edras-helen,0.33,0.33,1.0
helen-skud,0.33,0.33,1.0
natalya-taara,0.33,0.33,1.0
maloch-sephera,0.33,0.33,1.0
marja-sephera,0.33,0.33,1.0
murad-yena,0.33,0.0,0.0
fennik-riktor,0.33,0.0,0.0
omega-yue,0.33,0.33,1.0
teemee-wukong,0.33,0.33,1.0
hayate-wukong,0.33,0.33,1.0
gildur-wukong,0.33,0.33,1.0
ignis-ming,0.33,0.0,0.0
enzo-ming,0.33,0.0,0.0
marja-ming,0.33,0.0,0.0
iggy-krizzix,0.33,0.33,1.0
edras-nakroth,0.33,0.33,1.0
wisp-xeniel,0.33,0.0,0.0
heino-nakroth,0.33,0.0,0.0
helen-iggy,0.33,0.33,1.0
helen-keera,0.33,0.33,1.0
marja-tulen,0.33,0.33,1.0
edras-heino,0.33,0.0,0.0
aoi-biron,0.33,0.33,1.0
dolia-lubu,0.33,0.33,1.0
lubu-stuart,0.33,0.33,1.0
lorion-lubu,0.33,0.33,1.0
arduin-elandorr,0.33,0.0,0.0
biron-butterfly,0.33,0.33,1.0
mganga-zip,0.33,0.0,0.0
billow-zip,0.33,0.0,0.0
bijan-dolia,0.33,0.0,0.0
bijan-elandorr,0.33,0.0,0.0
bijan-raz,0.33,0.0,0.0
capheny-elandorr,0.33,0.0,0.0
arduin-maloch,0.33,0.0,0.0
aya-mina,0.33,0.33,1.0
roxie-slimz,0.33,0.33,1.0
edras-ming,0.33,0.33,1.0
billow-ming,0.33,0.33,1.0
liliana-yan,0.33,0.0,0.0
mganga-roxie,0.33,0.33,1.0
roxie-taara,0.33,0.33,1.0
elsu-natalya,0.33,0.0,0.0
goverra-ybneth,0.33,0.0,0.0
goverra-stuart,0.33,0.0,0.0
gildur-iggy,0.33,0.0,0.0
heino-yena,0.33,0.33,1.0
gildur-lorion,0.33,0.0,0.0
enzo-krizzix,0.33,0.0,0.0
lorion-rouie,0.33,0.0,0.0
iggy-zata,0.33,0.0,0.0
keera-raz,0.33,0.0,0.0
bright-marja,0.33,0.33,1.0
bolt baron-dolia,0.33,0.0,0.0
tachi-thorne,0.33,0.0,0.0
biron-thorne,0.33,0.0,0.0
nakroth-volkath,0.33,0.33,1.0
riktor-volkath,0.33,0.33,1.0
butterfly-iggy,0.33,0.33,1.0
charlotte-fennik,0.33,0.0,0.0
bijan-volkath,0.33,0.0,0.0
taara-wukong,0.33,0.33,1.0
fennik-wukong,0.33,0.33,1.0
liliana-wukong,0.33,0.33,1.0
marja-wukong,0.33,0.33,1.0
arum-hayate,0.33,0.0,0.0
arum-sinestrea,0.33,0.0,0.0
arum-qi,0.33,0.0,0.0
maloch-volkath,0.33,0.0,0.0
maloch-yan,0.33,0.33,1.0
yan-zephys,0.33,0.33,1.0
raz-toro,0.33,0.33,1.0
edras-raz,0.33,0.33,1.0
dolia-thorne,0.33,0.0,0.0
thorne-zata,0.33,0.0,0.0
ryoma-telannas,0.33,0.0,0.0
arduin-wisp,0.33,0.33,1.0
arduin-stuart,0.33,0.11,0.3333
bijan-ignis,0.33,0.33,1.0
bijan-keera,0.33,0.33,1.0
elsu-goverra,0.33,0.0,0.0
annette-gildur,0.33,0.33,1.0
maloch-thane,0.33,0.33,1.0
goverra-yena,0.33,0.22,0.6667
liliana-zip,0.33,0.33,1.0
biron-zip,0.33,0.33,1.0
omen-ryoma,0.33,0.33,1.0
baldum-natalya,0.33,0.33,1.0
edras-natalya,0.33,0.33,1.0
bolt baron-toro,0.33,0.0,0.0
aya-bolt baron,0.33,0.0,0.0
arduin-iggy,0.33,0.11,0.3333
arduin-nakroth,0.33,0.11,0.3333
elandorr-natalya,0.33,0.0,0.0
natalya-riktor,0.33,0.0,0.0
elsu-mina,0.33,0.33,1.0
gildur-mina,0.33,0.33,1.0
bright-teemee,0.33,0.33,1.0
bright-iggy,0.33,0.33,1.0
bright-keera,0.33,0.33,1.0
ming-skud,0.33,0.33,1.0
bijan-teemee,0.33,0.33,1.0
bijan-wisp,0.33,0.33,1.0
biron-volkath,0.33,0.0,0.0
moren-thane,0.33,0.0,0.0
lorion-zip,0.33,0.33,1.0
florentino-zip,0.33,0.33,1.0
gildur-grakk,0.22,0.0,0.0
arduin-keera,0.22,0.0,0.0
arduin-qi,0.22,0.0,0.0
iggy-kriknak,0.22,0.22,1.0
aya-lorion,0.22,0.0,0.0
ignis-rouie,0.22,0.22,1.0
kriknak-rouie,0.22,0.0,0.0
biron-kriknak,0.22,0.0,0.0
ignis-wonderwoman,0.22,0.22,1.0
stuart-wonderwoman,0.22,0.22,1.0
florentino-wonderwoman,0.22,0.22,1.0
annette-liliana,0.22,0.0,0.0
mina-raz,0.22,0.22,1.0
annette-goverra,0.22,0.0,0.0
ming-rouie,0.22,0.22,1.0
raz-wisp,0.22,0.22,1.0
biron-ming,0.22,0.0,0.0
iggy-ming,0.22,0.0,0.0
charlotte-hayate,0.22,0.0,0.0
charlotte-mganga,0.22,0.0,0.0
skud-slimz,0.22,0.0,0.0
charlotte-tachi,0.22,0.0,0.0
heino-riktor,0.22,0.11,0.5
capheny-kriknak,0.22,0.11,0.5
veres-zuka,0.22,0.22,1.0
lorion-veres,0.22,0.22,1.0
fennik-kriknak,0.22,0.0,0.0
baldum-kriknak,0.22,0.0,0.0
capheny-veres,0.22,0.22,1.0
krizzix-veres,0.22,0.22,1.0
arduin-valhein,0.22,0.0,0.0
yan-ybneth,0.22,0.22,1.0
bolt baron-violet,0.22,0.0,0.0
airi-bolt baron,0.22,0.0,0.0
elsu-kahlii,0.22,0.22,1.0
kahlii-tachi,0.22,0.22,1.0
heino-ming,0.22,0.0,0.0
ming-taara,0.22,0.0,0.0
jinnar-toro,0.22,0.0,0.0
jinnar-wisp,0.22,0.0,0.0
jinnar-mina,0.22,0.0,0.0
aoi-baldum,0.22,0.22,1.0
max-mganga,0.22,0.0,0.0
ilumia-maloch,0.22,0.22,1.0
ilumia-wisp,0.22,0.22,1.0
ilumia-yena,0.22,0.22,1.0
elsu-raz,0.22,0.0,0.0
qi-raz,0.22,0.0,0.0
kahlii-omen,0.22,0.0,0.0
kahlii-wisp,0.22,0.0,0.0
aoi-omen,0.22,0.0,0.0
florentino-omen,0.22,0.0,0.0
florentino-kahlii,0.22,0.0,0.0
enzo-heino,0.22,0.0,0.0
eland'orr-fennik,0.22,0.0,0.0
eland'orr-heino,0.22,0.0,0.0
billow-nakroth,0.22,0.0,0.0
raz-skud,0.22,0.22,1.0
raz-xeniel,0.22,0.22,1.0
errol-keera,0.22,0.0,0.0
kahlii-mina,0.22,0.0,0.0
elsu-yan,0.22,0.0,0.0
keera-wiro,0.22,0.22,1.0
teemee-zuka,0.22,0.0,0.0
taara-yan,0.22,0.22,1.0
bolt baron-zuka,0.22,0.0,0.0
bolt baron-hayate,0.22,0.0,0.0
bolt baron-teemee,0.22,0.0,0.0
arduin-florentino,0.22,0.22,1.0
arduin-zuka,0.22,0.22,1.0
murad-slimz,0.22,0.0,0.0
slimz-teemee,0.22,0.0,0.0
grakk-keera,0.22,0.0,0.0
kriknak-mganga,0.22,0.11,0.5
gildur-maloch,0.22,0.22,1.0
stuart-y'bneth,0.22,0.11,0.5
krizzix-natalya,0.22,0.0,0.0
liliana-thorne,0.22,0.0,0.0
taara-thorne,0.22,0.0,0.0
baldum-heino,0.22,0.22,1.0
marja-thorne,0.22,0.0,0.0
arduin-taara,0.22,0.0,0.0
marja-riktor,0.22,0.0,0.0
aya-omen,0.22,0.0,0.0
helen-zephys,0.22,0.22,1.0
helen-yena,0.22,0.22,1.0
annette-helen,0.22,0.22,1.0
marja-yan,0.22,0.22,1.0
raz-yan,0.22,0.0,0.0
heino-yan,0.22,0.22,1.0
teemee-yan,0.22,0.22,1.0
sinestrea-veres,0.22,0.22,1.0
annette-veres,0.22,0.22,1.0
veres-wisp,0.22,0.22,1.0
enzo-veres,0.22,0.22,1.0
maloch-wonderwoman,0.22,0.0,0.0
maloch-thorne,0.22,0.0,0.0
thorne-wonderwoman,0.22,0.0,0.0
wonderwoman-ybneth,0.22,0.0,0.0
kriknak-ryoma,0.22,0.0,0.0
elsu-kriknak,0.22,0.0,0.0
kriknak-teemee,0.22,0.0,0.0
omen-wiro,0.22,0.22,1.0
hayate-wiro,0.22,0.22,1.0
maloch-teeri,0.22,0.0,0.0
airi-skud,0.22,0.0,0.0
florentino-yan,0.22,0.0,0.0
billow-goverra,0.22,0.22,1.0
enzo-goverra,0.22,0.22,1.0
biron-teeri,0.22,0.0,0.0
sinestrea-teeri,0.22,0.0,0.0
iggy-teeri,0.22,0.0,0.0
ybneth-zill,0.22,0.22,1.0
ryoma-zill,0.22,0.22,1.0
azzenka-zill,0.22,0.22,1.0
wisp-zill,0.22,0.22,1.0
elandorr-violet,0.22,0.0,0.0
heino-zuka,0.22,0.22,1.0
baldum-elsu,0.22,0.22,1.0
hayate-raz,0.22,0.22,1.0
kriknak-toro,0.11,0.11,1.0
eland'orr-hayate,0.11,0.11,1.0
airi-baldum,0.11,0.11,1.0
arum-valhein,0.11,0.0,0.0
azzenka-violet,0.11,0.0,0.0
azzenka-wiro,0.11,0.0,0.0
ata-elandorr,0.11,0.11,1.0
qi-wiro,0.11,0.0,0.0
arduin-billow,0.11,0.11,1.0
gildur-kaine,0.11,0.11,1.0
gildur-valhein,0.11,0.0,0.0
elsu-kaine,0.11,0.11,1.0
airi-arduin,0.11,0.11,1.0
arduin-mganga,0.11,0.11,1.0
arum-marja,0.11,0.0,0.0
grakk-valhein,0.11,0.0,0.0
arum-keera,0.11,0.0,0.0
arum-mganga,0.11,0.0,0.0
azzenka-murad,0.11,0.0,0.0
aya-azzenka,0.11,0.0,0.0
florentino-telannas,0.11,0.11,1.0
florentino-mina,0.11,0.11,1.0
keera-telannas,0.11,0.11,1.0
ignis-kriknak,0.11,0.11,1.0
eland'orr-elsu,0.11,0.11,1.0
ata-stuart,0.11,0.11,1.0
goverra-maloch,0.11,0.0,0.0
keera-zip,0.11,0.0,0.0
toro-tulen,0.11,0.0,0.0
aya-rouie,0.11,0.0,0.0
aya-maloch,0.11,0.0,0.0
maloch-zip,0.11,0.0,0.0
elandorr-slimz,0.11,0.0,0.0
gildur-murad,0.11,0.11,1.0
valhein-zip,0.11,0.0,0.0
goverra-zip,0.11,0.0,0.0
heino-rouie,0.11,0.11,1.0
biron-kahlii,0.11,0.0,0.0
kahlii-zephys,0.11,0.0,0.0
kahlii-thane,0.11,0.0,0.0
elsu-heino,0.11,0.11,1.0
richter-taara,0.11,0.0,0.0
raz-richter,0.11,0.0,0.0
raz-taara,0.11,0.0,0.0
elsu-omen,0.11,0.11,1.0
goverra-nakroth,0.11,0.0,0.0
gildur-omen,0.11,0.11,1.0
aya-eland'orr,0.11,0.0,0.0
richter-thane,0.11,0.11,1.0
goverra-violet,0.11,0.0,0.0
slimz-thane,0.11,0.0,0.0
grakk-taara,0.11,0.0,0.0
elandorr-tulen,0.11,0.11,1.0
kriknak-mina,0.11,0.0,0.0
helen-mina,0.11,0.0,0.0
riktor-tulen,0.11,0.11,1.0
helen-kriknak,0.11,0.0,0.0
helen-lorion,0.11,0.0,0.0
arduin-marja,0.11,0.11,1.0
kaine-mina,0.11,0.11,1.0
kaine-tachi,0.11,0.11,1.0
ata-teemee,0.11,0.11,1.0
butterfly-capheny,0.11,0.0,0.0
goverra-thane,0.11,0.0,0.0
